check_id,country_id,indicator_id,year,value,unit,status,source_name,source_url,source_reliability_level,updated_at,is_official_data,is_pending,is_computed,is_manual,included_in_derived_comparison,included_in_five_year_change,included_in_mean_gap,included_in_rank_change,missing_reason,note
"v4_quality:poland:fiscal_deficit_gdp:2021","poland","fiscal_deficit_gdp","2021","-1.7","% GDP","official","Eurostat","https://ec.europa.eu/eurostat/api/dissemination/statistics/1.0/data/gov_10dd_edpt1?unit=PC_GDP&sector=S13&na_item=B9&geo=PL&time=2021","A","2026-04-22","true","false","false","false","true","true","true","true","",""
"v4_quality:poland:fiscal_deficit_gdp:2022","poland","fiscal_deficit_gdp","2022","-3.4","% GDP","official","Eurostat","https://ec.europa.eu/eurostat/api/dissemination/statistics/1.0/data/gov_10dd_edpt1?unit=PC_GDP&sector=S13&na_item=B9&geo=PL&time=2022","A","2026-04-22","true","false","false","false","true","true","true","true","",""
"v4_quality:poland:fiscal_deficit_gdp:2023","poland","fiscal_deficit_gdp","2023","-5.2","% GDP","official","Eurostat","https://ec.europa.eu/eurostat/api/dissemination/statistics/1.0/data/gov_10dd_edpt1?unit=PC_GDP&sector=S13&na_item=B9&geo=PL&time=2023","A","2026-04-22","true","false","false","false","true","true","true","true","",""
"v4_quality:poland:fiscal_deficit_gdp:2024","poland","fiscal_deficit_gdp","2024","-6.4","% GDP","official","Eurostat","https://ec.europa.eu/eurostat/api/dissemination/statistics/1.0/data/gov_10dd_edpt1?unit=PC_GDP&sector=S13&na_item=B9&geo=PL&time=2024","A","2026-04-22","true","false","false","false","true","true","true","true","",""
"v4_quality:poland:fiscal_deficit_gdp:2025","poland","fiscal_deficit_gdp","2025","-7.3","% GDP","official","Eurostat","https://ec.europa.eu/eurostat/api/dissemination/statistics/1.0/data/gov_10dd_edpt1?unit=PC_GDP&sector=S13&na_item=B9&geo=PL&time=2025","A","2026-04-22","true","false","false","false","true","true","true","true","",""
"v4_quality:poland:government_debt_gdp:2021","poland","government_debt_gdp","2021","53","% GDP","official","Eurostat","https://ec.europa.eu/eurostat/api/dissemination/statistics/1.0/data/gov_10dd_edpt1?unit=PC_GDP&sector=S13&na_item=GD&geo=PL&time=2021","A","2026-04-22","true","false","false","false","true","true","true","true","",""
"v4_quality:poland:government_debt_gdp:2022","poland","government_debt_gdp","2022","48.8","% GDP","official","Eurostat","https://ec.europa.eu/eurostat/api/dissemination/statistics/1.0/data/gov_10dd_edpt1?unit=PC_GDP&sector=S13&na_item=GD&geo=PL&time=2022","A","2026-04-22","true","false","false","false","true","true","true","true","",""
"v4_quality:poland:government_debt_gdp:2023","poland","government_debt_gdp","2023","49.5","% GDP","official","Eurostat","https://ec.europa.eu/eurostat/api/dissemination/statistics/1.0/data/gov_10dd_edpt1?unit=PC_GDP&sector=S13&na_item=GD&geo=PL&time=2023","A","2026-04-22","true","false","false","false","true","true","true","true","",""
"v4_quality:poland:government_debt_gdp:2024","poland","government_debt_gdp","2024","54.8","% GDP","official","Eurostat","https://ec.europa.eu/eurostat/api/dissemination/statistics/1.0/data/gov_10dd_edpt1?unit=PC_GDP&sector=S13&na_item=GD&geo=PL&time=2024","A","2026-04-22","true","false","false","false","true","true","true","true","",""
"v4_quality:poland:government_debt_gdp:2025","poland","government_debt_gdp","2025","59.7","% GDP","official","Eurostat","https://ec.europa.eu/eurostat/api/dissemination/statistics/1.0/data/gov_10dd_edpt1?unit=PC_GDP&sector=S13&na_item=GD&geo=PL&time=2025","A","2026-04-22","true","false","false","false","true","true","true","true","",""
"v4_quality:poland:government_revenue_gdp:2021","poland","government_revenue_gdp","2021","41.9","% GDP","official","Eurostat","https://ec.europa.eu/eurostat/api/dissemination/statistics/1.0/data/gov_10a_main?unit=PC_GDP&sector=S13&na_item=TR&geo=PL&time=2021","A","2026-04-22","true","false","false","false","true","true","true","true","",""
"v4_quality:poland:government_revenue_gdp:2022","poland","government_revenue_gdp","2022","39.9","% GDP","official","Eurostat","https://ec.europa.eu/eurostat/api/dissemination/statistics/1.0/data/gov_10a_main?unit=PC_GDP&sector=S13&na_item=TR&geo=PL&time=2022","A","2026-04-22","true","false","false","false","true","true","true","true","",""
"v4_quality:poland:government_revenue_gdp:2023","poland","government_revenue_gdp","2023","41.7","% GDP","official","Eurostat","https://ec.europa.eu/eurostat/api/dissemination/statistics/1.0/data/gov_10a_main?unit=PC_GDP&sector=S13&na_item=TR&geo=PL&time=2023","A","2026-04-22","true","false","false","false","true","true","true","true","",""
"v4_quality:poland:government_revenue_gdp:2024","poland","government_revenue_gdp","2024","42.8","% GDP","official","Eurostat","https://ec.europa.eu/eurostat/api/dissemination/statistics/1.0/data/gov_10a_main?unit=PC_GDP&sector=S13&na_item=TR&geo=PL&time=2024","A","2026-04-22","true","false","false","false","true","true","true","true","",""
"v4_quality:poland:government_revenue_gdp:2025","poland","government_revenue_gdp","2025","43.6","% GDP","official","Eurostat","https://ec.europa.eu/eurostat/api/dissemination/statistics/1.0/data/gov_10a_main?unit=PC_GDP&sector=S13&na_item=TR&geo=PL&time=2025","A","2026-04-22","true","false","false","false","true","true","true","true","",""
"v4_quality:poland:government_expenditure_gdp:2021","poland","government_expenditure_gdp","2021","43.6","% GDP","official","Eurostat","https://ec.europa.eu/eurostat/api/dissemination/statistics/1.0/data/gov_10a_main?unit=PC_GDP&sector=S13&na_item=TE&geo=PL&time=2021","A","2026-04-22","true","false","false","false","true","true","true","true","",""
"v4_quality:poland:government_expenditure_gdp:2022","poland","government_expenditure_gdp","2022","43.2","% GDP","official","Eurostat","https://ec.europa.eu/eurostat/api/dissemination/statistics/1.0/data/gov_10a_main?unit=PC_GDP&sector=S13&na_item=TE&geo=PL&time=2022","A","2026-04-22","true","false","false","false","true","true","true","true","",""
"v4_quality:poland:government_expenditure_gdp:2023","poland","government_expenditure_gdp","2023","46.9","% GDP","official","Eurostat","https://ec.europa.eu/eurostat/api/dissemination/statistics/1.0/data/gov_10a_main?unit=PC_GDP&sector=S13&na_item=TE&geo=PL&time=2023","A","2026-04-22","true","false","false","false","true","true","true","true","",""
"v4_quality:poland:government_expenditure_gdp:2024","poland","government_expenditure_gdp","2024","49.2","% GDP","official","Eurostat","https://ec.europa.eu/eurostat/api/dissemination/statistics/1.0/data/gov_10a_main?unit=PC_GDP&sector=S13&na_item=TE&geo=PL&time=2024","A","2026-04-22","true","false","false","false","true","true","true","true","",""
"v4_quality:poland:government_expenditure_gdp:2025","poland","government_expenditure_gdp","2025","50.9","% GDP","official","Eurostat","https://ec.europa.eu/eurostat/api/dissemination/statistics/1.0/data/gov_10a_main?unit=PC_GDP&sector=S13&na_item=TE&geo=PL&time=2025","A","2026-04-22","true","false","false","false","true","true","true","true","",""
"v4_quality:poland:exports_mio_eur:2021","poland","exports_mio_eur","2021","332532.2","百万欧元","official","Eurostat","https://ec.europa.eu/eurostat/api/dissemination/statistics/1.0/data/nama_10_gdp?unit=CP_MEUR&na_item=P6&geo=PL&time=2021","A","2026-07-02","true","false","false","false","true","true","true","true","",""
"v4_quality:poland:exports_mio_eur:2022","poland","exports_mio_eur","2022","412594.3","百万欧元","official","Eurostat","https://ec.europa.eu/eurostat/api/dissemination/statistics/1.0/data/nama_10_gdp?unit=CP_MEUR&na_item=P6&geo=PL&time=2022","A","2026-07-02","true","false","false","false","true","true","true","true","",""
"v4_quality:poland:exports_mio_eur:2023","poland","exports_mio_eur","2023","435227.7","百万欧元","official","Eurostat","https://ec.europa.eu/eurostat/api/dissemination/statistics/1.0/data/nama_10_gdp?unit=CP_MEUR&na_item=P6&geo=PL&time=2023","A","2026-07-02","true","false","false","false","true","true","true","true","",""
"v4_quality:poland:exports_mio_eur:2024","poland","exports_mio_eur","2024","442878.2","百万欧元","official","Eurostat","https://ec.europa.eu/eurostat/api/dissemination/statistics/1.0/data/nama_10_gdp?unit=CP_MEUR&na_item=P6&geo=PL&time=2024","A","2026-07-02","true","false","false","false","true","true","true","true","",""
"v4_quality:poland:exports_mio_eur:2025","poland","exports_mio_eur","2025","461553.9","百万欧元","official","Eurostat","https://ec.europa.eu/eurostat/api/dissemination/statistics/1.0/data/nama_10_gdp?unit=CP_MEUR&na_item=P6&geo=PL&time=2025","A","2026-07-02","true","false","false","false","true","true","true","true","",""
"v4_quality:poland:imports_mio_eur:2021","poland","imports_mio_eur","2021","313866.4","百万欧元","official","Eurostat","https://ec.europa.eu/eurostat/api/dissemination/statistics/1.0/data/nama_10_gdp?unit=CP_MEUR&na_item=P7&geo=PL&time=2021","A","2026-07-02","true","false","false","false","true","true","true","true","",""
"v4_quality:poland:imports_mio_eur:2022","poland","imports_mio_eur","2022","401453","百万欧元","official","Eurostat","https://ec.europa.eu/eurostat/api/dissemination/statistics/1.0/data/nama_10_gdp?unit=CP_MEUR&na_item=P7&geo=PL&time=2022","A","2026-07-02","true","false","false","false","true","true","true","true","",""
"v4_quality:poland:imports_mio_eur:2023","poland","imports_mio_eur","2023","392084.8","百万欧元","official","Eurostat","https://ec.europa.eu/eurostat/api/dissemination/statistics/1.0/data/nama_10_gdp?unit=CP_MEUR&na_item=P7&geo=PL&time=2023","A","2026-07-02","true","false","false","false","true","true","true","true","",""
"v4_quality:poland:imports_mio_eur:2024","poland","imports_mio_eur","2024","409202","百万欧元","official","Eurostat","https://ec.europa.eu/eurostat/api/dissemination/statistics/1.0/data/nama_10_gdp?unit=CP_MEUR&na_item=P7&geo=PL&time=2024","A","2026-07-02","true","false","false","false","true","true","true","true","",""
"v4_quality:poland:imports_mio_eur:2025","poland","imports_mio_eur","2025","435690.7","百万欧元","official","Eurostat","https://ec.europa.eu/eurostat/api/dissemination/statistics/1.0/data/nama_10_gdp?unit=CP_MEUR&na_item=P7&geo=PL&time=2025","A","2026-07-02","true","false","false","false","true","true","true","true","",""
"v4_quality:poland:trade_balance_mio_eur:2021","poland","trade_balance_mio_eur","2021","18665.8","百万欧元","official","Eurostat","https://ec.europa.eu/eurostat/api/dissemination/statistics/1.0/data/nama_10_gdp?unit=CP_MEUR&na_item=P6&geo=PL&time=2021","A","2026-07-02","true","false","true","false","true","true","true","true","","由 Eurostat P6 出口减 P7 进口计算。"
"v4_quality:poland:trade_balance_mio_eur:2022","poland","trade_balance_mio_eur","2022","11141.3","百万欧元","official","Eurostat","https://ec.europa.eu/eurostat/api/dissemination/statistics/1.0/data/nama_10_gdp?unit=CP_MEUR&na_item=P6&geo=PL&time=2022","A","2026-07-02","true","false","true","false","true","true","true","true","","由 Eurostat P6 出口减 P7 进口计算。"
"v4_quality:poland:trade_balance_mio_eur:2023","poland","trade_balance_mio_eur","2023","43142.9","百万欧元","official","Eurostat","https://ec.europa.eu/eurostat/api/dissemination/statistics/1.0/data/nama_10_gdp?unit=CP_MEUR&na_item=P6&geo=PL&time=2023","A","2026-07-02","true","false","true","false","true","true","true","true","","由 Eurostat P6 出口减 P7 进口计算。"
"v4_quality:poland:trade_balance_mio_eur:2024","poland","trade_balance_mio_eur","2024","33676.2","百万欧元","official","Eurostat","https://ec.europa.eu/eurostat/api/dissemination/statistics/1.0/data/nama_10_gdp?unit=CP_MEUR&na_item=P6&geo=PL&time=2024","A","2026-07-02","true","false","true","false","true","true","true","true","","由 Eurostat P6 出口减 P7 进口计算。"
"v4_quality:poland:trade_balance_mio_eur:2025","poland","trade_balance_mio_eur","2025","25863.2","百万欧元","official","Eurostat","https://ec.europa.eu/eurostat/api/dissemination/statistics/1.0/data/nama_10_gdp?unit=CP_MEUR&na_item=P6&geo=PL&time=2025","A","2026-07-02","true","false","true","false","true","true","true","true","","由 Eurostat P6 出口减 P7 进口计算。"
"v4_quality:poland:current_account_gdp:2021","poland","current_account_gdp","2021","-1.3","% GDP","official","Eurostat","https://ec.europa.eu/eurostat/api/dissemination/statistics/1.0/data/tipsbp20?unit=PC_GDP&geo=PL&time=2021","A","2026-07-03","true","false","false","false","true","true","true","true","",""
"v4_quality:poland:current_account_gdp:2022","poland","current_account_gdp","2022","-2.2","% GDP","official","Eurostat","https://ec.europa.eu/eurostat/api/dissemination/statistics/1.0/data/tipsbp20?unit=PC_GDP&geo=PL&time=2022","A","2026-07-03","true","false","false","false","true","true","true","true","",""
"v4_quality:poland:current_account_gdp:2023","poland","current_account_gdp","2023","1.6","% GDP","official","Eurostat","https://ec.europa.eu/eurostat/api/dissemination/statistics/1.0/data/tipsbp20?unit=PC_GDP&geo=PL&time=2023","A","2026-07-03","true","false","false","false","true","true","true","true","",""
"v4_quality:poland:current_account_gdp:2024","poland","current_account_gdp","2024","0.3","% GDP","official","Eurostat","https://ec.europa.eu/eurostat/api/dissemination/statistics/1.0/data/tipsbp20?unit=PC_GDP&geo=PL&time=2024","A","2026-07-03","true","false","false","false","true","true","true","true","",""
"v4_quality:poland:current_account_gdp:2025","poland","current_account_gdp","2025","-0.9","% GDP","official","Eurostat","https://ec.europa.eu/eurostat/api/dissemination/statistics/1.0/data/tipsbp20?unit=PC_GDP&geo=PL&time=2025","A","2026-07-03","true","false","false","false","true","true","true","true","",""
"v4_quality:poland:fdi_mio_eur:2021","poland","fdi_mio_eur","2021","30813.3","百万欧元","official","Eurostat","https://ec.europa.eu/eurostat/api/dissemination/statistics/1.0/data/bop_fdi6_flow?freq=A&currency=MIO_EUR&nace_r2=FDI&stk_flow=LIAB&entity=TOTAL&fdi_item=DI__D__F&partner=WRL_REST&geo=PL&time=2021","A","2026-06-09","true","false","false","false","true","true","true","true","","Eurostat BPM6 口径：直接投资负债流入；负值表示净减少。"
"v4_quality:poland:fdi_mio_eur:2022","poland","fdi_mio_eur","2022","37532.6","百万欧元","official","Eurostat","https://ec.europa.eu/eurostat/api/dissemination/statistics/1.0/data/bop_fdi6_flow?freq=A&currency=MIO_EUR&nace_r2=FDI&stk_flow=LIAB&entity=TOTAL&fdi_item=DI__D__F&partner=WRL_REST&geo=PL&time=2022","A","2026-06-09","true","false","false","false","true","true","true","true","","Eurostat BPM6 口径：直接投资负债流入；负值表示净减少。"
"v4_quality:poland:fdi_mio_eur:2023","poland","fdi_mio_eur","2023","34037.4","百万欧元","official","Eurostat","https://ec.europa.eu/eurostat/api/dissemination/statistics/1.0/data/bop_fdi6_flow?freq=A&currency=MIO_EUR&nace_r2=FDI&stk_flow=LIAB&entity=TOTAL&fdi_item=DI__D__F&partner=WRL_REST&geo=PL&time=2023","A","2026-06-09","true","false","false","false","true","true","true","true","","Eurostat BPM6 口径：直接投资负债流入；负值表示净减少。"
"v4_quality:poland:fdi_mio_eur:2024","poland","fdi_mio_eur","2024","19004.2","百万欧元","official","Eurostat","https://ec.europa.eu/eurostat/api/dissemination/statistics/1.0/data/bop_fdi6_flow?freq=A&currency=MIO_EUR&nace_r2=FDI&stk_flow=LIAB&entity=TOTAL&fdi_item=DI__D__F&partner=WRL_REST&geo=PL&time=2024","A","2026-06-09","true","false","false","false","true","true","true","true","","Eurostat BPM6 口径：Direct investment in the reporting economy (DIRE), liabilities flow；负值表示净减少。"
"v4_quality:poland:fdi_mio_eur:2025","poland","fdi_mio_eur","2025",,"百万欧元","pending","Eurostat","https://ec.europa.eu/eurostat/api/dissemination/statistics/1.0/data/bop_fdi6_flow?freq=A&currency=MIO_EUR&nace_r2=FDI&stk_flow=LIAB&entity=TOTAL&fdi_item=DI__D__F&partner=WRL_REST&geo=PL&time=2025","A","2026-06-09","false","true","false","false","false","false","false","false","数值待接入","导入时 Eurostat 序列暂未发布该年度数值，保留为待接入。"
"v4_quality:poland:energy_import_dependency:2021","poland","energy_import_dependency","2021","40.464","%","official","Eurostat","https://ec.europa.eu/eurostat/api/dissemination/statistics/1.0/data/nrg_ind_id?unit=PC&siec=TOTAL&geo=PL&time=2021","A","2026-04-21","true","false","false","false","true","true","true","true","",""
"v4_quality:poland:energy_import_dependency:2022","poland","energy_import_dependency","2022","46.115","%","official","Eurostat","https://ec.europa.eu/eurostat/api/dissemination/statistics/1.0/data/nrg_ind_id?unit=PC&siec=TOTAL&geo=PL&time=2022","A","2026-04-21","true","false","false","false","true","true","true","true","",""
"v4_quality:poland:energy_import_dependency:2023","poland","energy_import_dependency","2023","47.996","%","official","Eurostat","https://ec.europa.eu/eurostat/api/dissemination/statistics/1.0/data/nrg_ind_id?unit=PC&siec=TOTAL&geo=PL&time=2023","A","2026-04-21","true","false","false","false","true","true","true","true","",""
"v4_quality:poland:energy_import_dependency:2024","poland","energy_import_dependency","2024","45.669","%","official","Eurostat","https://ec.europa.eu/eurostat/api/dissemination/statistics/1.0/data/nrg_ind_id?unit=PC&siec=TOTAL&geo=PL&time=2024","A","2026-04-21","true","false","false","false","true","true","true","true","",""
"v4_quality:poland:energy_import_dependency:2025","poland","energy_import_dependency","2025",,"%","pending","Eurostat","https://ec.europa.eu/eurostat/api/dissemination/statistics/1.0/data/nrg_ind_id?unit=PC&siec=TOTAL&geo=PL&time=2025","A","2026-04-21","false","true","false","false","false","false","false","false","数值待接入","导入时 Eurostat 序列暂未发布该年度数值，保留为待接入。"
"v4_quality:poland:manufacturing_gva_gdp:2021","poland","manufacturing_gva_gdp","2021","17.3","% GDP","official","Eurostat","https://ec.europa.eu/eurostat/api/dissemination/statistics/1.0/data/nama_10_a10?unit=PC_GDP&na_item=B1G&nace_r2=C&geo=PL&time=2021","A","2026-07-02","true","false","false","false","true","true","true","true","",""
"v4_quality:poland:manufacturing_gva_gdp:2022","poland","manufacturing_gva_gdp","2022","17.7","% GDP","official","Eurostat","https://ec.europa.eu/eurostat/api/dissemination/statistics/1.0/data/nama_10_a10?unit=PC_GDP&na_item=B1G&nace_r2=C&geo=PL&time=2022","A","2026-07-02","true","false","false","false","true","true","true","true","",""
"v4_quality:poland:manufacturing_gva_gdp:2023","poland","manufacturing_gva_gdp","2023","17.5","% GDP","official","Eurostat","https://ec.europa.eu/eurostat/api/dissemination/statistics/1.0/data/nama_10_a10?unit=PC_GDP&na_item=B1G&nace_r2=C&geo=PL&time=2023","A","2026-07-02","true","false","false","false","true","true","true","true","",""
"v4_quality:poland:manufacturing_gva_gdp:2024","poland","manufacturing_gva_gdp","2024","15.4","% GDP","official","Eurostat","https://ec.europa.eu/eurostat/api/dissemination/statistics/1.0/data/nama_10_a10?unit=PC_GDP&na_item=B1G&nace_r2=C&geo=PL&time=2024","A","2026-07-02","true","false","false","false","true","true","true","true","",""
"v4_quality:poland:manufacturing_gva_gdp:2025","poland","manufacturing_gva_gdp","2025","14.4","% GDP","official","Eurostat","https://ec.europa.eu/eurostat/api/dissemination/statistics/1.0/data/nama_10_a10?unit=PC_GDP&na_item=B1G&nace_r2=C&geo=PL&time=2025","A","2026-07-02","true","false","false","false","true","true","true","true","",""
"v4_quality:poland:automotive_export_share:2021","poland","automotive_export_share","2021","13.1","%","official","Eurostat","https://ec.europa.eu/eurostat/api/dissemination/statistics/1.0/data/ext_tec09?freq=A&unit=THS_EUR&stk_flow=EXP&partner=WORLD&nace_r2=C29&nace_r2=TOTAL&geo=PL&time=2021","A","2026-07-03","true","false","true","false","true","true","true","true","","由 Eurostat ext_tec09 计算：NACE C29 机动车、挂车和半挂车制造业出口 / 全部 NACE 出口。"
"v4_quality:poland:automotive_export_share:2022","poland","automotive_export_share","2022","12.6","%","official","Eurostat","https://ec.europa.eu/eurostat/api/dissemination/statistics/1.0/data/ext_tec09?freq=A&unit=THS_EUR&stk_flow=EXP&partner=WORLD&nace_r2=C29&nace_r2=TOTAL&geo=PL&time=2022","A","2026-07-03","true","false","true","false","true","true","true","true","","由 Eurostat ext_tec09 计算：NACE C29 机动车、挂车和半挂车制造业出口 / 全部 NACE 出口。"
"v4_quality:poland:automotive_export_share:2023","poland","automotive_export_share","2023","15.1","%","official","Eurostat","https://ec.europa.eu/eurostat/api/dissemination/statistics/1.0/data/ext_tec09?freq=A&unit=THS_EUR&stk_flow=EXP&partner=WORLD&nace_r2=C29&nace_r2=TOTAL&geo=PL&time=2023","A","2026-07-03","true","false","true","false","true","true","true","true","","由 Eurostat ext_tec09 计算：NACE C29 机动车、挂车和半挂车制造业出口 / 全部 NACE 出口。"
"v4_quality:poland:automotive_export_share:2024","poland","automotive_export_share","2024","15","%","official","Eurostat","https://ec.europa.eu/eurostat/api/dissemination/statistics/1.0/data/ext_tec09?freq=A&unit=THS_EUR&stk_flow=EXP&partner=WORLD&nace_r2=C29&nace_r2=TOTAL&geo=PL&time=2024","A","2026-07-03","true","false","true","false","true","true","true","true","","由 Eurostat ext_tec09 计算：NACE C29 机动车、挂车和半挂车制造业出口 / 全部 NACE 出口。"
"v4_quality:poland:automotive_export_share:2025","poland","automotive_export_share","2025",,"%","pending","Eurostat","https://ec.europa.eu/eurostat/api/dissemination/statistics/1.0/data/ext_tec09?freq=A&unit=THS_EUR&stk_flow=EXP&partner=WORLD&nace_r2=C29&nace_r2=TOTAL&geo=PL&time=2025","A","2026-07-03","false","true","true","false","false","false","false","false","数值待接入","导入时 Eurostat ext_tec09 暂未发布该年度数值，保留为待接入。"
"v4_quality:hungary:fiscal_deficit_gdp:2021","hungary","fiscal_deficit_gdp","2021","-7.1","% GDP","official","Eurostat","https://ec.europa.eu/eurostat/api/dissemination/statistics/1.0/data/gov_10dd_edpt1?unit=PC_GDP&sector=S13&na_item=B9&geo=HU&time=2021","A","2026-04-22","true","false","false","false","true","true","true","true","",""
"v4_quality:hungary:fiscal_deficit_gdp:2022","hungary","fiscal_deficit_gdp","2022","-6.2","% GDP","official","Eurostat","https://ec.europa.eu/eurostat/api/dissemination/statistics/1.0/data/gov_10dd_edpt1?unit=PC_GDP&sector=S13&na_item=B9&geo=HU&time=2022","A","2026-04-22","true","false","false","false","true","true","true","true","",""
"v4_quality:hungary:fiscal_deficit_gdp:2023","hungary","fiscal_deficit_gdp","2023","-7","% GDP","official","Eurostat","https://ec.europa.eu/eurostat/api/dissemination/statistics/1.0/data/gov_10dd_edpt1?unit=PC_GDP&sector=S13&na_item=B9&geo=HU&time=2023","A","2026-04-22","true","false","false","false","true","true","true","true","",""
"v4_quality:hungary:fiscal_deficit_gdp:2024","hungary","fiscal_deficit_gdp","2024","-5.1","% GDP","official","Eurostat","https://ec.europa.eu/eurostat/api/dissemination/statistics/1.0/data/gov_10dd_edpt1?unit=PC_GDP&sector=S13&na_item=B9&geo=HU&time=2024","A","2026-04-22","true","false","false","false","true","true","true","true","",""
"v4_quality:hungary:fiscal_deficit_gdp:2025","hungary","fiscal_deficit_gdp","2025","-4.7","% GDP","official","Eurostat","https://ec.europa.eu/eurostat/api/dissemination/statistics/1.0/data/gov_10dd_edpt1?unit=PC_GDP&sector=S13&na_item=B9&geo=HU&time=2025","A","2026-04-22","true","false","false","false","true","true","true","true","",""
"v4_quality:hungary:government_debt_gdp:2021","hungary","government_debt_gdp","2021","76.2","% GDP","official","Eurostat","https://ec.europa.eu/eurostat/api/dissemination/statistics/1.0/data/gov_10dd_edpt1?unit=PC_GDP&sector=S13&na_item=GD&geo=HU&time=2021","A","2026-04-22","true","false","false","false","true","true","true","true","",""
"v4_quality:hungary:government_debt_gdp:2022","hungary","government_debt_gdp","2022","74.1","% GDP","official","Eurostat","https://ec.europa.eu/eurostat/api/dissemination/statistics/1.0/data/gov_10dd_edpt1?unit=PC_GDP&sector=S13&na_item=GD&geo=HU&time=2022","A","2026-04-22","true","false","false","false","true","true","true","true","",""
"v4_quality:hungary:government_debt_gdp:2023","hungary","government_debt_gdp","2023","73.3","% GDP","official","Eurostat","https://ec.europa.eu/eurostat/api/dissemination/statistics/1.0/data/gov_10dd_edpt1?unit=PC_GDP&sector=S13&na_item=GD&geo=HU&time=2023","A","2026-04-22","true","false","false","false","true","true","true","true","",""
"v4_quality:hungary:government_debt_gdp:2024","hungary","government_debt_gdp","2024","73.5","% GDP","official","Eurostat","https://ec.europa.eu/eurostat/api/dissemination/statistics/1.0/data/gov_10dd_edpt1?unit=PC_GDP&sector=S13&na_item=GD&geo=HU&time=2024","A","2026-04-22","true","false","false","false","true","true","true","true","",""
"v4_quality:hungary:government_debt_gdp:2025","hungary","government_debt_gdp","2025","74.6","% GDP","official","Eurostat","https://ec.europa.eu/eurostat/api/dissemination/statistics/1.0/data/gov_10dd_edpt1?unit=PC_GDP&sector=S13&na_item=GD&geo=HU&time=2025","A","2026-04-22","true","false","false","false","true","true","true","true","",""
"v4_quality:hungary:government_revenue_gdp:2021","hungary","government_revenue_gdp","2021","41","% GDP","official","Eurostat","https://ec.europa.eu/eurostat/api/dissemination/statistics/1.0/data/gov_10a_main?unit=PC_GDP&sector=S13&na_item=TR&geo=HU&time=2021","A","2026-04-22","true","false","false","false","true","true","true","true","",""
"v4_quality:hungary:government_revenue_gdp:2022","hungary","government_revenue_gdp","2022","42.9","% GDP","official","Eurostat","https://ec.europa.eu/eurostat/api/dissemination/statistics/1.0/data/gov_10a_main?unit=PC_GDP&sector=S13&na_item=TR&geo=HU&time=2022","A","2026-04-22","true","false","false","false","true","true","true","true","",""
"v4_quality:hungary:government_revenue_gdp:2023","hungary","government_revenue_gdp","2023","42.8","% GDP","official","Eurostat","https://ec.europa.eu/eurostat/api/dissemination/statistics/1.0/data/gov_10a_main?unit=PC_GDP&sector=S13&na_item=TR&geo=HU&time=2023","A","2026-04-22","true","false","false","false","true","true","true","true","",""
"v4_quality:hungary:government_revenue_gdp:2024","hungary","government_revenue_gdp","2024","42.2","% GDP","official","Eurostat","https://ec.europa.eu/eurostat/api/dissemination/statistics/1.0/data/gov_10a_main?unit=PC_GDP&sector=S13&na_item=TR&geo=HU&time=2024","A","2026-04-22","true","false","false","false","true","true","true","true","",""
"v4_quality:hungary:government_revenue_gdp:2025","hungary","government_revenue_gdp","2025","42.6","% GDP","official","Eurostat","https://ec.europa.eu/eurostat/api/dissemination/statistics/1.0/data/gov_10a_main?unit=PC_GDP&sector=S13&na_item=TR&geo=HU&time=2025","A","2026-04-22","true","false","false","false","true","true","true","true","",""
"v4_quality:hungary:government_expenditure_gdp:2021","hungary","government_expenditure_gdp","2021","48.1","% GDP","official","Eurostat","https://ec.europa.eu/eurostat/api/dissemination/statistics/1.0/data/gov_10a_main?unit=PC_GDP&sector=S13&na_item=TE&geo=HU&time=2021","A","2026-04-22","true","false","false","false","true","true","true","true","",""
"v4_quality:hungary:government_expenditure_gdp:2022","hungary","government_expenditure_gdp","2022","49.1","% GDP","official","Eurostat","https://ec.europa.eu/eurostat/api/dissemination/statistics/1.0/data/gov_10a_main?unit=PC_GDP&sector=S13&na_item=TE&geo=HU&time=2022","A","2026-04-22","true","false","false","false","true","true","true","true","",""
"v4_quality:hungary:government_expenditure_gdp:2023","hungary","government_expenditure_gdp","2023","49.7","% GDP","official","Eurostat","https://ec.europa.eu/eurostat/api/dissemination/statistics/1.0/data/gov_10a_main?unit=PC_GDP&sector=S13&na_item=TE&geo=HU&time=2023","A","2026-04-22","true","false","false","false","true","true","true","true","",""
"v4_quality:hungary:government_expenditure_gdp:2024","hungary","government_expenditure_gdp","2024","47.3","% GDP","official","Eurostat","https://ec.europa.eu/eurostat/api/dissemination/statistics/1.0/data/gov_10a_main?unit=PC_GDP&sector=S13&na_item=TE&geo=HU&time=2024","A","2026-04-22","true","false","false","false","true","true","true","true","",""
"v4_quality:hungary:government_expenditure_gdp:2025","hungary","government_expenditure_gdp","2025","47.3","% GDP","official","Eurostat","https://ec.europa.eu/eurostat/api/dissemination/statistics/1.0/data/gov_10a_main?unit=PC_GDP&sector=S13&na_item=TE&geo=HU&time=2025","A","2026-04-22","true","false","false","false","true","true","true","true","",""
"v4_quality:hungary:exports_mio_eur:2021","hungary","exports_mio_eur","2021","123065.3","百万欧元","official","Eurostat","https://ec.europa.eu/eurostat/api/dissemination/statistics/1.0/data/nama_10_gdp?unit=CP_MEUR&na_item=P6&geo=HU&time=2021","A","2026-07-02","true","false","false","false","true","true","true","true","",""
"v4_quality:hungary:exports_mio_eur:2022","hungary","exports_mio_eur","2022","151371.5","百万欧元","official","Eurostat","https://ec.europa.eu/eurostat/api/dissemination/statistics/1.0/data/nama_10_gdp?unit=CP_MEUR&na_item=P6&geo=HU&time=2022","A","2026-07-02","true","false","false","false","true","true","true","true","",""
"v4_quality:hungary:exports_mio_eur:2023","hungary","exports_mio_eur","2023","160320.1","百万欧元","official","Eurostat","https://ec.europa.eu/eurostat/api/dissemination/statistics/1.0/data/nama_10_gdp?unit=CP_MEUR&na_item=P6&geo=HU&time=2023","A","2026-07-02","true","false","false","false","true","true","true","true","",""
"v4_quality:hungary:exports_mio_eur:2024","hungary","exports_mio_eur","2024","157086.7","百万欧元","official","Eurostat","https://ec.europa.eu/eurostat/api/dissemination/statistics/1.0/data/nama_10_gdp?unit=CP_MEUR&na_item=P6&geo=HU&time=2024","A","2026-07-02","true","false","false","false","true","true","true","true","",""
"v4_quality:hungary:exports_mio_eur:2025","hungary","exports_mio_eur","2025","158940","百万欧元","official","Eurostat","https://ec.europa.eu/eurostat/api/dissemination/statistics/1.0/data/nama_10_gdp?unit=CP_MEUR&na_item=P6&geo=HU&time=2025","A","2026-07-02","true","false","false","false","true","true","true","true","",""
"v4_quality:hungary:imports_mio_eur:2021","hungary","imports_mio_eur","2021","123630.4","百万欧元","official","Eurostat","https://ec.europa.eu/eurostat/api/dissemination/statistics/1.0/data/nama_10_gdp?unit=CP_MEUR&na_item=P7&geo=HU&time=2021","A","2026-07-02","true","false","false","false","true","true","true","true","",""
"v4_quality:hungary:imports_mio_eur:2022","hungary","imports_mio_eur","2022","160388.2","百万欧元","official","Eurostat","https://ec.europa.eu/eurostat/api/dissemination/statistics/1.0/data/nama_10_gdp?unit=CP_MEUR&na_item=P7&geo=HU&time=2022","A","2026-07-02","true","false","false","false","true","true","true","true","",""
"v4_quality:hungary:imports_mio_eur:2023","hungary","imports_mio_eur","2023","152133.2","百万欧元","official","Eurostat","https://ec.europa.eu/eurostat/api/dissemination/statistics/1.0/data/nama_10_gdp?unit=CP_MEUR&na_item=P7&geo=HU&time=2023","A","2026-07-02","true","false","false","false","true","true","true","true","",""
"v4_quality:hungary:imports_mio_eur:2024","hungary","imports_mio_eur","2024","147873.3","百万欧元","official","Eurostat","https://ec.europa.eu/eurostat/api/dissemination/statistics/1.0/data/nama_10_gdp?unit=CP_MEUR&na_item=P7&geo=HU&time=2024","A","2026-07-02","true","false","false","false","true","true","true","true","",""
"v4_quality:hungary:imports_mio_eur:2025","hungary","imports_mio_eur","2025","149132.8","百万欧元","official","Eurostat","https://ec.europa.eu/eurostat/api/dissemination/statistics/1.0/data/nama_10_gdp?unit=CP_MEUR&na_item=P7&geo=HU&time=2025","A","2026-07-02","true","false","false","false","true","true","true","true","",""
"v4_quality:hungary:trade_balance_mio_eur:2021","hungary","trade_balance_mio_eur","2021","-565.1","百万欧元","official","Eurostat","https://ec.europa.eu/eurostat/api/dissemination/statistics/1.0/data/nama_10_gdp?unit=CP_MEUR&na_item=P6&geo=HU&time=2021","A","2026-07-02","true","false","true","false","true","true","true","true","","由 Eurostat P6 出口减 P7 进口计算。"
"v4_quality:hungary:trade_balance_mio_eur:2022","hungary","trade_balance_mio_eur","2022","-9016.7","百万欧元","official","Eurostat","https://ec.europa.eu/eurostat/api/dissemination/statistics/1.0/data/nama_10_gdp?unit=CP_MEUR&na_item=P6&geo=HU&time=2022","A","2026-07-02","true","false","true","false","true","true","true","true","","由 Eurostat P6 出口减 P7 进口计算。"
"v4_quality:hungary:trade_balance_mio_eur:2023","hungary","trade_balance_mio_eur","2023","8186.9","百万欧元","official","Eurostat","https://ec.europa.eu/eurostat/api/dissemination/statistics/1.0/data/nama_10_gdp?unit=CP_MEUR&na_item=P6&geo=HU&time=2023","A","2026-07-02","true","false","true","false","true","true","true","true","","由 Eurostat P6 出口减 P7 进口计算。"
"v4_quality:hungary:trade_balance_mio_eur:2024","hungary","trade_balance_mio_eur","2024","9213.4","百万欧元","official","Eurostat","https://ec.europa.eu/eurostat/api/dissemination/statistics/1.0/data/nama_10_gdp?unit=CP_MEUR&na_item=P6&geo=HU&time=2024","A","2026-07-02","true","false","true","false","true","true","true","true","","由 Eurostat P6 出口减 P7 进口计算。"
"v4_quality:hungary:trade_balance_mio_eur:2025","hungary","trade_balance_mio_eur","2025","9807.2","百万欧元","official","Eurostat","https://ec.europa.eu/eurostat/api/dissemination/statistics/1.0/data/nama_10_gdp?unit=CP_MEUR&na_item=P6&geo=HU&time=2025","A","2026-07-02","true","false","true","false","true","true","true","true","","由 Eurostat P6 出口减 P7 进口计算。"
"v4_quality:hungary:current_account_gdp:2021","hungary","current_account_gdp","2021","-4.4","% GDP","official","Eurostat","https://ec.europa.eu/eurostat/api/dissemination/statistics/1.0/data/tipsbp20?unit=PC_GDP&geo=HU&time=2021","A","2026-07-03","true","false","false","false","true","true","true","true","",""
"v4_quality:hungary:current_account_gdp:2022","hungary","current_account_gdp","2022","-9","% GDP","official","Eurostat","https://ec.europa.eu/eurostat/api/dissemination/statistics/1.0/data/tipsbp20?unit=PC_GDP&geo=HU&time=2022","A","2026-07-03","true","false","false","false","true","true","true","true","",""
"v4_quality:hungary:current_account_gdp:2023","hungary","current_account_gdp","2023","0","% GDP","official","Eurostat","https://ec.europa.eu/eurostat/api/dissemination/statistics/1.0/data/tipsbp20?unit=PC_GDP&geo=HU&time=2023","A","2026-07-03","true","false","false","false","true","true","true","true","",""
"v4_quality:hungary:current_account_gdp:2024","hungary","current_account_gdp","2024","1.8","% GDP","official","Eurostat","https://ec.europa.eu/eurostat/api/dissemination/statistics/1.0/data/tipsbp20?unit=PC_GDP&geo=HU&time=2024","A","2026-07-03","true","false","false","false","true","true","true","true","",""
"v4_quality:hungary:current_account_gdp:2025","hungary","current_account_gdp","2025","1.8","% GDP","official","Eurostat","https://ec.europa.eu/eurostat/api/dissemination/statistics/1.0/data/tipsbp20?unit=PC_GDP&geo=HU&time=2025","A","2026-07-03","true","false","false","false","true","true","true","true","",""
"v4_quality:hungary:fdi_mio_eur:2021","hungary","fdi_mio_eur","2021","28749.9","百万欧元","official","Eurostat","https://ec.europa.eu/eurostat/api/dissemination/statistics/1.0/data/bop_fdi6_flow?freq=A&currency=MIO_EUR&nace_r2=FDI&stk_flow=LIAB&entity=TOTAL&fdi_item=DI__D__F&partner=WRL_REST&geo=HU&time=2021","A","2026-06-09","true","false","false","false","true","true","true","true","","Eurostat BPM6 口径：直接投资负债流入；负值表示净减少。"
"v4_quality:hungary:fdi_mio_eur:2022","hungary","fdi_mio_eur","2022","-2940.9","百万欧元","official","Eurostat","https://ec.europa.eu/eurostat/api/dissemination/statistics/1.0/data/bop_fdi6_flow?freq=A&currency=MIO_EUR&nace_r2=FDI&stk_flow=LIAB&entity=TOTAL&fdi_item=DI__D__F&partner=WRL_REST&geo=HU&time=2022","A","2026-06-09","true","false","false","false","true","true","true","true","","Eurostat BPM6 口径：直接投资负债流入；负值表示净减少。"
"v4_quality:hungary:fdi_mio_eur:2023","hungary","fdi_mio_eur","2023","-63063.9","百万欧元","official","Eurostat","https://ec.europa.eu/eurostat/api/dissemination/statistics/1.0/data/bop_fdi6_flow?freq=A&currency=MIO_EUR&nace_r2=FDI&stk_flow=LIAB&entity=TOTAL&fdi_item=DI__D__F&partner=WRL_REST&geo=HU&time=2023","A","2026-06-09","true","false","false","false","true","true","true","true","","Eurostat BPM6 口径：直接投资负债流入；负值表示净减少。"
"v4_quality:hungary:fdi_mio_eur:2024","hungary","fdi_mio_eur","2024","-57492.7","百万欧元","official","Eurostat","https://ec.europa.eu/eurostat/api/dissemination/statistics/1.0/data/bop_fdi6_flow?freq=A&currency=MIO_EUR&nace_r2=FDI&stk_flow=LIAB&entity=TOTAL&fdi_item=DI__D__F&partner=WRL_REST&geo=HU&time=2024","A","2026-06-09","true","false","false","false","true","true","true","true","","Eurostat BPM6 口径：Direct investment in the reporting economy (DIRE), liabilities flow；负值表示净减少。"
"v4_quality:hungary:fdi_mio_eur:2025","hungary","fdi_mio_eur","2025",,"百万欧元","pending","Eurostat","https://ec.europa.eu/eurostat/api/dissemination/statistics/1.0/data/bop_fdi6_flow?freq=A&currency=MIO_EUR&nace_r2=FDI&stk_flow=LIAB&entity=TOTAL&fdi_item=DI__D__F&partner=WRL_REST&geo=HU&time=2025","A","2026-06-09","false","true","false","false","false","false","false","false","数值待接入","导入时 Eurostat 序列暂未发布该年度数值，保留为待接入。"
"v4_quality:hungary:energy_import_dependency:2021","hungary","energy_import_dependency","2021","54.121","%","official","Eurostat","https://ec.europa.eu/eurostat/api/dissemination/statistics/1.0/data/nrg_ind_id?unit=PC&siec=TOTAL&geo=HU&time=2021","A","2026-04-21","true","false","false","false","true","true","true","true","",""
"v4_quality:hungary:energy_import_dependency:2022","hungary","energy_import_dependency","2022","64.206","%","official","Eurostat","https://ec.europa.eu/eurostat/api/dissemination/statistics/1.0/data/nrg_ind_id?unit=PC&siec=TOTAL&geo=HU&time=2022","A","2026-04-21","true","false","false","false","true","true","true","true","",""
"v4_quality:hungary:energy_import_dependency:2023","hungary","energy_import_dependency","2023","62.087","%","official","Eurostat","https://ec.europa.eu/eurostat/api/dissemination/statistics/1.0/data/nrg_ind_id?unit=PC&siec=TOTAL&geo=HU&time=2023","A","2026-04-21","true","false","false","false","true","true","true","true","",""
"v4_quality:hungary:energy_import_dependency:2024","hungary","energy_import_dependency","2024","48.943","%","official","Eurostat","https://ec.europa.eu/eurostat/api/dissemination/statistics/1.0/data/nrg_ind_id?unit=PC&siec=TOTAL&geo=HU&time=2024","A","2026-04-21","true","false","false","false","true","true","true","true","",""
"v4_quality:hungary:energy_import_dependency:2025","hungary","energy_import_dependency","2025",,"%","pending","Eurostat","https://ec.europa.eu/eurostat/api/dissemination/statistics/1.0/data/nrg_ind_id?unit=PC&siec=TOTAL&geo=HU&time=2025","A","2026-04-21","false","true","false","false","false","false","false","false","数值待接入","导入时 Eurostat 序列暂未发布该年度数值，保留为待接入。"
"v4_quality:hungary:manufacturing_gva_gdp:2021","hungary","manufacturing_gva_gdp","2021","16.5","% GDP","official","Eurostat","https://ec.europa.eu/eurostat/api/dissemination/statistics/1.0/data/nama_10_a10?unit=PC_GDP&na_item=B1G&nace_r2=C&geo=HU&time=2021","A","2026-07-02","true","false","false","false","true","true","true","true","",""
"v4_quality:hungary:manufacturing_gva_gdp:2022","hungary","manufacturing_gva_gdp","2022","16.8","% GDP","official","Eurostat","https://ec.europa.eu/eurostat/api/dissemination/statistics/1.0/data/nama_10_a10?unit=PC_GDP&na_item=B1G&nace_r2=C&geo=HU&time=2022","A","2026-07-02","true","false","false","false","true","true","true","true","",""
"v4_quality:hungary:manufacturing_gva_gdp:2023","hungary","manufacturing_gva_gdp","2023","17.2","% GDP","official","Eurostat","https://ec.europa.eu/eurostat/api/dissemination/statistics/1.0/data/nama_10_a10?unit=PC_GDP&na_item=B1G&nace_r2=C&geo=HU&time=2023","A","2026-07-02","true","false","false","false","true","true","true","true","",""
"v4_quality:hungary:manufacturing_gva_gdp:2024","hungary","manufacturing_gva_gdp","2024","15.9","% GDP","official","Eurostat","https://ec.europa.eu/eurostat/api/dissemination/statistics/1.0/data/nama_10_a10?unit=PC_GDP&na_item=B1G&nace_r2=C&geo=HU&time=2024","A","2026-07-02","true","false","false","false","true","true","true","true","",""
"v4_quality:hungary:manufacturing_gva_gdp:2025","hungary","manufacturing_gva_gdp","2025","15.1","% GDP","official","Eurostat","https://ec.europa.eu/eurostat/api/dissemination/statistics/1.0/data/nama_10_a10?unit=PC_GDP&na_item=B1G&nace_r2=C&geo=HU&time=2025","A","2026-07-02","true","false","false","false","true","true","true","true","",""
"v4_quality:hungary:automotive_export_share:2021","hungary","automotive_export_share","2021","21.9","%","official","Eurostat","https://ec.europa.eu/eurostat/api/dissemination/statistics/1.0/data/ext_tec09?freq=A&unit=THS_EUR&stk_flow=EXP&partner=WORLD&nace_r2=C29&nace_r2=TOTAL&geo=HU&time=2021","A","2026-07-03","true","false","true","false","true","true","true","true","","由 Eurostat ext_tec09 计算：NACE C29 机动车、挂车和半挂车制造业出口 / 全部 NACE 出口。"
"v4_quality:hungary:automotive_export_share:2022","hungary","automotive_export_share","2022","20.4","%","official","Eurostat","https://ec.europa.eu/eurostat/api/dissemination/statistics/1.0/data/ext_tec09?freq=A&unit=THS_EUR&stk_flow=EXP&partner=WORLD&nace_r2=C29&nace_r2=TOTAL&geo=HU&time=2022","A","2026-07-03","true","false","true","false","true","true","true","true","","由 Eurostat ext_tec09 计算：NACE C29 机动车、挂车和半挂车制造业出口 / 全部 NACE 出口。"
"v4_quality:hungary:automotive_export_share:2023","hungary","automotive_export_share","2023","22.7","%","official","Eurostat","https://ec.europa.eu/eurostat/api/dissemination/statistics/1.0/data/ext_tec09?freq=A&unit=THS_EUR&stk_flow=EXP&partner=WORLD&nace_r2=C29&nace_r2=TOTAL&geo=HU&time=2023","A","2026-07-03","true","false","true","false","true","true","true","true","","由 Eurostat ext_tec09 计算：NACE C29 机动车、挂车和半挂车制造业出口 / 全部 NACE 出口。"
"v4_quality:hungary:automotive_export_share:2024","hungary","automotive_export_share","2024","21.9","%","official","Eurostat","https://ec.europa.eu/eurostat/api/dissemination/statistics/1.0/data/ext_tec09?freq=A&unit=THS_EUR&stk_flow=EXP&partner=WORLD&nace_r2=C29&nace_r2=TOTAL&geo=HU&time=2024","A","2026-07-03","true","false","true","false","true","true","true","true","","由 Eurostat ext_tec09 计算：NACE C29 机动车、挂车和半挂车制造业出口 / 全部 NACE 出口。"
"v4_quality:hungary:automotive_export_share:2025","hungary","automotive_export_share","2025",,"%","pending","Eurostat","https://ec.europa.eu/eurostat/api/dissemination/statistics/1.0/data/ext_tec09?freq=A&unit=THS_EUR&stk_flow=EXP&partner=WORLD&nace_r2=C29&nace_r2=TOTAL&geo=HU&time=2025","A","2026-07-03","false","true","true","false","false","false","false","false","数值待接入","导入时 Eurostat ext_tec09 暂未发布该年度数值，保留为待接入。"
"v4_quality:czechia:fiscal_deficit_gdp:2021","czechia","fiscal_deficit_gdp","2021","-5","% GDP","official","Eurostat","https://ec.europa.eu/eurostat/api/dissemination/statistics/1.0/data/gov_10dd_edpt1?unit=PC_GDP&sector=S13&na_item=B9&geo=CZ&time=2021","A","2026-04-22","true","false","false","false","true","true","true","true","",""
"v4_quality:czechia:fiscal_deficit_gdp:2022","czechia","fiscal_deficit_gdp","2022","-3.1","% GDP","official","Eurostat","https://ec.europa.eu/eurostat/api/dissemination/statistics/1.0/data/gov_10dd_edpt1?unit=PC_GDP&sector=S13&na_item=B9&geo=CZ&time=2022","A","2026-04-22","true","false","false","false","true","true","true","true","",""
"v4_quality:czechia:fiscal_deficit_gdp:2023","czechia","fiscal_deficit_gdp","2023","-3.7","% GDP","official","Eurostat","https://ec.europa.eu/eurostat/api/dissemination/statistics/1.0/data/gov_10dd_edpt1?unit=PC_GDP&sector=S13&na_item=B9&geo=CZ&time=2023","A","2026-04-22","true","false","false","false","true","true","true","true","",""
"v4_quality:czechia:fiscal_deficit_gdp:2024","czechia","fiscal_deficit_gdp","2024","-2","% GDP","official","Eurostat","https://ec.europa.eu/eurostat/api/dissemination/statistics/1.0/data/gov_10dd_edpt1?unit=PC_GDP&sector=S13&na_item=B9&geo=CZ&time=2024","A","2026-04-22","true","false","false","false","true","true","true","true","",""
"v4_quality:czechia:fiscal_deficit_gdp:2025","czechia","fiscal_deficit_gdp","2025","-2.1","% GDP","official","Eurostat","https://ec.europa.eu/eurostat/api/dissemination/statistics/1.0/data/gov_10dd_edpt1?unit=PC_GDP&sector=S13&na_item=B9&geo=CZ&time=2025","A","2026-04-22","true","false","false","false","true","true","true","true","",""
"v4_quality:czechia:government_debt_gdp:2021","czechia","government_debt_gdp","2021","40.7","% GDP","official","Eurostat","https://ec.europa.eu/eurostat/api/dissemination/statistics/1.0/data/gov_10dd_edpt1?unit=PC_GDP&sector=S13&na_item=GD&geo=CZ&time=2021","A","2026-04-22","true","false","false","false","true","true","true","true","",""
"v4_quality:czechia:government_debt_gdp:2022","czechia","government_debt_gdp","2022","42.5","% GDP","official","Eurostat","https://ec.europa.eu/eurostat/api/dissemination/statistics/1.0/data/gov_10dd_edpt1?unit=PC_GDP&sector=S13&na_item=GD&geo=CZ&time=2022","A","2026-04-22","true","false","false","false","true","true","true","true","",""
"v4_quality:czechia:government_debt_gdp:2023","czechia","government_debt_gdp","2023","42.2","% GDP","official","Eurostat","https://ec.europa.eu/eurostat/api/dissemination/statistics/1.0/data/gov_10dd_edpt1?unit=PC_GDP&sector=S13&na_item=GD&geo=CZ&time=2023","A","2026-04-22","true","false","false","false","true","true","true","true","",""
"v4_quality:czechia:government_debt_gdp:2024","czechia","government_debt_gdp","2024","43.3","% GDP","official","Eurostat","https://ec.europa.eu/eurostat/api/dissemination/statistics/1.0/data/gov_10dd_edpt1?unit=PC_GDP&sector=S13&na_item=GD&geo=CZ&time=2024","A","2026-04-22","true","false","false","false","true","true","true","true","",""
"v4_quality:czechia:government_debt_gdp:2025","czechia","government_debt_gdp","2025","44.3","% GDP","official","Eurostat","https://ec.europa.eu/eurostat/api/dissemination/statistics/1.0/data/gov_10dd_edpt1?unit=PC_GDP&sector=S13&na_item=GD&geo=CZ&time=2025","A","2026-04-22","true","false","false","false","true","true","true","true","",""
"v4_quality:czechia:government_revenue_gdp:2021","czechia","government_revenue_gdp","2021","40.1","% GDP","official","Eurostat","https://ec.europa.eu/eurostat/api/dissemination/statistics/1.0/data/gov_10a_main?unit=PC_GDP&sector=S13&na_item=TR&geo=CZ&time=2021","A","2026-04-22","true","false","false","false","true","true","true","true","",""
"v4_quality:czechia:government_revenue_gdp:2022","czechia","government_revenue_gdp","2022","40.2","% GDP","official","Eurostat","https://ec.europa.eu/eurostat/api/dissemination/statistics/1.0/data/gov_10a_main?unit=PC_GDP&sector=S13&na_item=TR&geo=CZ&time=2022","A","2026-04-22","true","false","false","false","true","true","true","true","",""
"v4_quality:czechia:government_revenue_gdp:2023","czechia","government_revenue_gdp","2023","40.3","% GDP","official","Eurostat","https://ec.europa.eu/eurostat/api/dissemination/statistics/1.0/data/gov_10a_main?unit=PC_GDP&sector=S13&na_item=TR&geo=CZ&time=2023","A","2026-04-22","true","false","false","false","true","true","true","true","",""
"v4_quality:czechia:government_revenue_gdp:2024","czechia","government_revenue_gdp","2024","41.2","% GDP","official","Eurostat","https://ec.europa.eu/eurostat/api/dissemination/statistics/1.0/data/gov_10a_main?unit=PC_GDP&sector=S13&na_item=TR&geo=CZ&time=2024","A","2026-04-22","true","false","false","false","true","true","true","true","",""
"v4_quality:czechia:government_revenue_gdp:2025","czechia","government_revenue_gdp","2025","41","% GDP","official","Eurostat","https://ec.europa.eu/eurostat/api/dissemination/statistics/1.0/data/gov_10a_main?unit=PC_GDP&sector=S13&na_item=TR&geo=CZ&time=2025","A","2026-04-22","true","false","false","false","true","true","true","true","",""
"v4_quality:czechia:government_expenditure_gdp:2021","czechia","government_expenditure_gdp","2021","45","% GDP","official","Eurostat","https://ec.europa.eu/eurostat/api/dissemination/statistics/1.0/data/gov_10a_main?unit=PC_GDP&sector=S13&na_item=TE&geo=CZ&time=2021","A","2026-04-22","true","false","false","false","true","true","true","true","",""
"v4_quality:czechia:government_expenditure_gdp:2022","czechia","government_expenditure_gdp","2022","43.2","% GDP","official","Eurostat","https://ec.europa.eu/eurostat/api/dissemination/statistics/1.0/data/gov_10a_main?unit=PC_GDP&sector=S13&na_item=TE&geo=CZ&time=2022","A","2026-04-22","true","false","false","false","true","true","true","true","",""
"v4_quality:czechia:government_expenditure_gdp:2023","czechia","government_expenditure_gdp","2023","44","% GDP","official","Eurostat","https://ec.europa.eu/eurostat/api/dissemination/statistics/1.0/data/gov_10a_main?unit=PC_GDP&sector=S13&na_item=TE&geo=CZ&time=2023","A","2026-04-22","true","false","false","false","true","true","true","true","",""
"v4_quality:czechia:government_expenditure_gdp:2024","czechia","government_expenditure_gdp","2024","43.2","% GDP","official","Eurostat","https://ec.europa.eu/eurostat/api/dissemination/statistics/1.0/data/gov_10a_main?unit=PC_GDP&sector=S13&na_item=TE&geo=CZ&time=2024","A","2026-04-22","true","false","false","false","true","true","true","true","",""
"v4_quality:czechia:government_expenditure_gdp:2025","czechia","government_expenditure_gdp","2025","43.2","% GDP","official","Eurostat","https://ec.europa.eu/eurostat/api/dissemination/statistics/1.0/data/gov_10a_main?unit=PC_GDP&sector=S13&na_item=TE&geo=CZ&time=2025","A","2026-04-22","true","false","false","false","true","true","true","true","",""
"v4_quality:czechia:exports_mio_eur:2021","czechia","exports_mio_eur","2021","173561.8","百万欧元","official","Eurostat","https://ec.europa.eu/eurostat/api/dissemination/statistics/1.0/data/nama_10_gdp?unit=CP_MEUR&na_item=P6&geo=CZ&time=2021","A","2026-07-02","true","false","false","false","true","true","true","true","",""
"v4_quality:czechia:exports_mio_eur:2022","czechia","exports_mio_eur","2022","207798.3","百万欧元","official","Eurostat","https://ec.europa.eu/eurostat/api/dissemination/statistics/1.0/data/nama_10_gdp?unit=CP_MEUR&na_item=P6&geo=CZ&time=2022","A","2026-07-02","true","false","false","false","true","true","true","true","",""
"v4_quality:czechia:exports_mio_eur:2023","czechia","exports_mio_eur","2023","218273.7","百万欧元","official","Eurostat","https://ec.europa.eu/eurostat/api/dissemination/statistics/1.0/data/nama_10_gdp?unit=CP_MEUR&na_item=P6&geo=CZ&time=2023","A","2026-07-02","true","false","false","false","true","true","true","true","",""
"v4_quality:czechia:exports_mio_eur:2024","czechia","exports_mio_eur","2024","220888.9","百万欧元","official","Eurostat","https://ec.europa.eu/eurostat/api/dissemination/statistics/1.0/data/nama_10_gdp?unit=CP_MEUR&na_item=P6&geo=CZ&time=2024","A","2026-07-02","true","false","false","false","true","true","true","true","",""
"v4_quality:czechia:exports_mio_eur:2025","czechia","exports_mio_eur","2025","232020.6","百万欧元","official","Eurostat","https://ec.europa.eu/eurostat/api/dissemination/statistics/1.0/data/nama_10_gdp?unit=CP_MEUR&na_item=P6&geo=CZ&time=2025","A","2026-07-02","true","false","false","false","true","true","true","true","",""
"v4_quality:czechia:imports_mio_eur:2021","czechia","imports_mio_eur","2021","164405.3","百万欧元","official","Eurostat","https://ec.europa.eu/eurostat/api/dissemination/statistics/1.0/data/nama_10_gdp?unit=CP_MEUR&na_item=P7&geo=CZ&time=2021","A","2026-07-02","true","false","false","false","true","true","true","true","",""
"v4_quality:czechia:imports_mio_eur:2022","czechia","imports_mio_eur","2022","205481.3","百万欧元","official","Eurostat","https://ec.europa.eu/eurostat/api/dissemination/statistics/1.0/data/nama_10_gdp?unit=CP_MEUR&na_item=P7&geo=CZ&time=2022","A","2026-07-02","true","false","false","false","true","true","true","true","",""
"v4_quality:czechia:imports_mio_eur:2023","czechia","imports_mio_eur","2023","202594.4","百万欧元","official","Eurostat","https://ec.europa.eu/eurostat/api/dissemination/statistics/1.0/data/nama_10_gdp?unit=CP_MEUR&na_item=P7&geo=CZ&time=2023","A","2026-07-02","true","false","false","false","true","true","true","true","",""
"v4_quality:czechia:imports_mio_eur:2024","czechia","imports_mio_eur","2024","200838.3","百万欧元","official","Eurostat","https://ec.europa.eu/eurostat/api/dissemination/statistics/1.0/data/nama_10_gdp?unit=CP_MEUR&na_item=P7&geo=CZ&time=2024","A","2026-07-02","true","false","false","false","true","true","true","true","",""
"v4_quality:czechia:imports_mio_eur:2025","czechia","imports_mio_eur","2025","211742.9","百万欧元","official","Eurostat","https://ec.europa.eu/eurostat/api/dissemination/statistics/1.0/data/nama_10_gdp?unit=CP_MEUR&na_item=P7&geo=CZ&time=2025","A","2026-07-02","true","false","false","false","true","true","true","true","",""
"v4_quality:czechia:trade_balance_mio_eur:2021","czechia","trade_balance_mio_eur","2021","9156.5","百万欧元","official","Eurostat","https://ec.europa.eu/eurostat/api/dissemination/statistics/1.0/data/nama_10_gdp?unit=CP_MEUR&na_item=P6&geo=CZ&time=2021","A","2026-07-02","true","false","true","false","true","true","true","true","","由 Eurostat P6 出口减 P7 进口计算。"
"v4_quality:czechia:trade_balance_mio_eur:2022","czechia","trade_balance_mio_eur","2022","2317","百万欧元","official","Eurostat","https://ec.europa.eu/eurostat/api/dissemination/statistics/1.0/data/nama_10_gdp?unit=CP_MEUR&na_item=P6&geo=CZ&time=2022","A","2026-07-02","true","false","true","false","true","true","true","true","","由 Eurostat P6 出口减 P7 进口计算。"
"v4_quality:czechia:trade_balance_mio_eur:2023","czechia","trade_balance_mio_eur","2023","15679.3","百万欧元","official","Eurostat","https://ec.europa.eu/eurostat/api/dissemination/statistics/1.0/data/nama_10_gdp?unit=CP_MEUR&na_item=P6&geo=CZ&time=2023","A","2026-07-02","true","false","true","false","true","true","true","true","","由 Eurostat P6 出口减 P7 进口计算。"
"v4_quality:czechia:trade_balance_mio_eur:2024","czechia","trade_balance_mio_eur","2024","20050.6","百万欧元","official","Eurostat","https://ec.europa.eu/eurostat/api/dissemination/statistics/1.0/data/nama_10_gdp?unit=CP_MEUR&na_item=P6&geo=CZ&time=2024","A","2026-07-02","true","false","true","false","true","true","true","true","","由 Eurostat P6 出口减 P7 进口计算。"
"v4_quality:czechia:trade_balance_mio_eur:2025","czechia","trade_balance_mio_eur","2025","20277.7","百万欧元","official","Eurostat","https://ec.europa.eu/eurostat/api/dissemination/statistics/1.0/data/nama_10_gdp?unit=CP_MEUR&na_item=P6&geo=CZ&time=2025","A","2026-07-02","true","false","true","false","true","true","true","true","","由 Eurostat P6 出口减 P7 进口计算。"
"v4_quality:czechia:current_account_gdp:2021","czechia","current_account_gdp","2021","-2.1","% GDP","official","Eurostat","https://ec.europa.eu/eurostat/api/dissemination/statistics/1.0/data/tipsbp20?unit=PC_GDP&geo=CZ&time=2021","A","2026-07-03","true","false","false","false","true","true","true","true","",""
"v4_quality:czechia:current_account_gdp:2022","czechia","current_account_gdp","2022","-4.7","% GDP","official","Eurostat","https://ec.europa.eu/eurostat/api/dissemination/statistics/1.0/data/tipsbp20?unit=PC_GDP&geo=CZ&time=2022","A","2026-07-03","true","false","false","false","true","true","true","true","",""
"v4_quality:czechia:current_account_gdp:2023","czechia","current_account_gdp","2023","-0.1","% GDP","official","Eurostat","https://ec.europa.eu/eurostat/api/dissemination/statistics/1.0/data/tipsbp20?unit=PC_GDP&geo=CZ&time=2023","A","2026-07-03","true","false","false","false","true","true","true","true","",""
"v4_quality:czechia:current_account_gdp:2024","czechia","current_account_gdp","2024","1.7","% GDP","official","Eurostat","https://ec.europa.eu/eurostat/api/dissemination/statistics/1.0/data/tipsbp20?unit=PC_GDP&geo=CZ&time=2024","A","2026-07-03","true","false","false","false","true","true","true","true","",""
"v4_quality:czechia:current_account_gdp:2025","czechia","current_account_gdp","2025","0.7","% GDP","official","Eurostat","https://ec.europa.eu/eurostat/api/dissemination/statistics/1.0/data/tipsbp20?unit=PC_GDP&geo=CZ&time=2025","A","2026-07-03","true","false","false","false","true","true","true","true","",""
"v4_quality:czechia:fdi_mio_eur:2021","czechia","fdi_mio_eur","2021","11082.8","百万欧元","official","Eurostat","https://ec.europa.eu/eurostat/api/dissemination/statistics/1.0/data/bop_fdi6_flow?freq=A&currency=MIO_EUR&nace_r2=FDI&stk_flow=LIAB&entity=TOTAL&fdi_item=DI__D__F&partner=WRL_REST&geo=CZ&time=2021","A","2026-06-09","true","false","false","false","true","true","true","true","","Eurostat BPM6 口径：直接投资负债流入；负值表示净减少。"
"v4_quality:czechia:fdi_mio_eur:2022","czechia","fdi_mio_eur","2022","9053.5","百万欧元","official","Eurostat","https://ec.europa.eu/eurostat/api/dissemination/statistics/1.0/data/bop_fdi6_flow?freq=A&currency=MIO_EUR&nace_r2=FDI&stk_flow=LIAB&entity=TOTAL&fdi_item=DI__D__F&partner=WRL_REST&geo=CZ&time=2022","A","2026-06-09","true","false","false","false","true","true","true","true","","Eurostat BPM6 口径：直接投资负债流入；负值表示净减少。"
"v4_quality:czechia:fdi_mio_eur:2023","czechia","fdi_mio_eur","2023",,"百万欧元","pending","Eurostat","https://ec.europa.eu/eurostat/api/dissemination/statistics/1.0/data/bop_fdi6_flow?freq=A&currency=MIO_EUR&nace_r2=FDI&stk_flow=LIAB&entity=TOTAL&fdi_item=DI__D__F&partner=WRL_REST&geo=CZ&time=2023","A","2026-06-09","false","true","false","false","false","false","false","false","数值待接入","导入时 Eurostat 序列暂未发布该年度数值，保留为待接入。"
"v4_quality:czechia:fdi_mio_eur:2024","czechia","fdi_mio_eur","2024","12311.3","百万欧元","official","Eurostat","https://ec.europa.eu/eurostat/api/dissemination/statistics/1.0/data/bop_fdi6_flow?freq=A&currency=MIO_EUR&nace_r2=FDI&stk_flow=LIAB&entity=TOTAL&fdi_item=DI__D__F&partner=WRL_REST&geo=CZ&time=2024","A","2026-06-09","true","false","false","false","true","true","true","true","","Eurostat BPM6 口径：Direct investment in the reporting economy (DIRE), liabilities flow；负值表示净减少。"
"v4_quality:czechia:fdi_mio_eur:2025","czechia","fdi_mio_eur","2025",,"百万欧元","pending","Eurostat","https://ec.europa.eu/eurostat/api/dissemination/statistics/1.0/data/bop_fdi6_flow?freq=A&currency=MIO_EUR&nace_r2=FDI&stk_flow=LIAB&entity=TOTAL&fdi_item=DI__D__F&partner=WRL_REST&geo=CZ&time=2025","A","2026-06-09","false","true","false","false","false","false","false","false","数值待接入","导入时 Eurostat 序列暂未发布该年度数值，保留为待接入。"
"v4_quality:czechia:energy_import_dependency:2021","czechia","energy_import_dependency","2021","39.958","%","official","Eurostat","https://ec.europa.eu/eurostat/api/dissemination/statistics/1.0/data/nrg_ind_id?unit=PC&siec=TOTAL&geo=CZ&time=2021","A","2026-04-21","true","false","false","false","true","true","true","true","",""
"v4_quality:czechia:energy_import_dependency:2022","czechia","energy_import_dependency","2022","41.772","%","official","Eurostat","https://ec.europa.eu/eurostat/api/dissemination/statistics/1.0/data/nrg_ind_id?unit=PC&siec=TOTAL&geo=CZ&time=2022","A","2026-04-21","true","false","false","false","true","true","true","true","",""
"v4_quality:czechia:energy_import_dependency:2023","czechia","energy_import_dependency","2023","41.679","%","official","Eurostat","https://ec.europa.eu/eurostat/api/dissemination/statistics/1.0/data/nrg_ind_id?unit=PC&siec=TOTAL&geo=CZ&time=2023","A","2026-04-21","true","false","false","false","true","true","true","true","",""
"v4_quality:czechia:energy_import_dependency:2024","czechia","energy_import_dependency","2024","39.32","%","official","Eurostat","https://ec.europa.eu/eurostat/api/dissemination/statistics/1.0/data/nrg_ind_id?unit=PC&siec=TOTAL&geo=CZ&time=2024","A","2026-04-21","true","false","false","false","true","true","true","true","",""
"v4_quality:czechia:energy_import_dependency:2025","czechia","energy_import_dependency","2025",,"%","pending","Eurostat","https://ec.europa.eu/eurostat/api/dissemination/statistics/1.0/data/nrg_ind_id?unit=PC&siec=TOTAL&geo=CZ&time=2025","A","2026-04-21","false","true","false","false","false","false","false","false","数值待接入","导入时 Eurostat 序列暂未发布该年度数值，保留为待接入。"
"v4_quality:czechia:manufacturing_gva_gdp:2021","czechia","manufacturing_gva_gdp","2021","19.6","% GDP","official","Eurostat","https://ec.europa.eu/eurostat/api/dissemination/statistics/1.0/data/nama_10_a10?unit=PC_GDP&na_item=B1G&nace_r2=C&geo=CZ&time=2021","A","2026-07-02","true","false","false","false","true","true","true","true","",""
"v4_quality:czechia:manufacturing_gva_gdp:2022","czechia","manufacturing_gva_gdp","2022","19.4","% GDP","official","Eurostat","https://ec.europa.eu/eurostat/api/dissemination/statistics/1.0/data/nama_10_a10?unit=PC_GDP&na_item=B1G&nace_r2=C&geo=CZ&time=2022","A","2026-07-02","true","false","false","false","true","true","true","true","",""
"v4_quality:czechia:manufacturing_gva_gdp:2023","czechia","manufacturing_gva_gdp","2023","20.4","% GDP","official","Eurostat","https://ec.europa.eu/eurostat/api/dissemination/statistics/1.0/data/nama_10_a10?unit=PC_GDP&na_item=B1G&nace_r2=C&geo=CZ&time=2023","A","2026-07-02","true","false","false","false","true","true","true","true","",""
"v4_quality:czechia:manufacturing_gva_gdp:2024","czechia","manufacturing_gva_gdp","2024","19.9","% GDP","official","Eurostat","https://ec.europa.eu/eurostat/api/dissemination/statistics/1.0/data/nama_10_a10?unit=PC_GDP&na_item=B1G&nace_r2=C&geo=CZ&time=2024","A","2026-07-02","true","false","false","false","true","true","true","true","",""
"v4_quality:czechia:manufacturing_gva_gdp:2025","czechia","manufacturing_gva_gdp","2025","19.4","% GDP","official","Eurostat","https://ec.europa.eu/eurostat/api/dissemination/statistics/1.0/data/nama_10_a10?unit=PC_GDP&na_item=B1G&nace_r2=C&geo=CZ&time=2025","A","2026-07-02","true","false","false","false","true","true","true","true","",""
"v4_quality:czechia:automotive_export_share:2021","czechia","automotive_export_share","2021","27.9","%","official","Eurostat","https://ec.europa.eu/eurostat/api/dissemination/statistics/1.0/data/ext_tec09?freq=A&unit=THS_EUR&stk_flow=EXP&partner=WORLD&nace_r2=C29&nace_r2=TOTAL&geo=CZ&time=2021","A","2026-07-03","true","false","true","false","true","true","true","true","","由 Eurostat ext_tec09 计算：NACE C29 机动车、挂车和半挂车制造业出口 / 全部 NACE 出口。"
"v4_quality:czechia:automotive_export_share:2022","czechia","automotive_export_share","2022","27.2","%","official","Eurostat","https://ec.europa.eu/eurostat/api/dissemination/statistics/1.0/data/ext_tec09?freq=A&unit=THS_EUR&stk_flow=EXP&partner=WORLD&nace_r2=C29&nace_r2=TOTAL&geo=CZ&time=2022","A","2026-07-03","true","false","true","false","true","true","true","true","","由 Eurostat ext_tec09 计算：NACE C29 机动车、挂车和半挂车制造业出口 / 全部 NACE 出口。"
"v4_quality:czechia:automotive_export_share:2023","czechia","automotive_export_share","2023","32","%","official","Eurostat","https://ec.europa.eu/eurostat/api/dissemination/statistics/1.0/data/ext_tec09?freq=A&unit=THS_EUR&stk_flow=EXP&partner=WORLD&nace_r2=C29&nace_r2=TOTAL&geo=CZ&time=2023","A","2026-07-03","true","false","true","false","true","true","true","true","","由 Eurostat ext_tec09 计算：NACE C29 机动车、挂车和半挂车制造业出口 / 全部 NACE 出口。"
"v4_quality:czechia:automotive_export_share:2024","czechia","automotive_export_share","2024","32.4","%","official","Eurostat","https://ec.europa.eu/eurostat/api/dissemination/statistics/1.0/data/ext_tec09?freq=A&unit=THS_EUR&stk_flow=EXP&partner=WORLD&nace_r2=C29&nace_r2=TOTAL&geo=CZ&time=2024","A","2026-07-03","true","false","true","false","true","true","true","true","","由 Eurostat ext_tec09 计算：NACE C29 机动车、挂车和半挂车制造业出口 / 全部 NACE 出口。"
"v4_quality:czechia:automotive_export_share:2025","czechia","automotive_export_share","2025",,"%","pending","Eurostat","https://ec.europa.eu/eurostat/api/dissemination/statistics/1.0/data/ext_tec09?freq=A&unit=THS_EUR&stk_flow=EXP&partner=WORLD&nace_r2=C29&nace_r2=TOTAL&geo=CZ&time=2025","A","2026-07-03","false","true","true","false","false","false","false","false","数值待接入","导入时 Eurostat ext_tec09 暂未发布该年度数值，保留为待接入。"
"v4_quality:slovakia:fiscal_deficit_gdp:2021","slovakia","fiscal_deficit_gdp","2021","-5.1","% GDP","official","Eurostat","https://ec.europa.eu/eurostat/api/dissemination/statistics/1.0/data/gov_10dd_edpt1?unit=PC_GDP&sector=S13&na_item=B9&geo=SK&time=2021","A","2026-04-22","true","false","false","false","true","true","true","true","",""
"v4_quality:slovakia:fiscal_deficit_gdp:2022","slovakia","fiscal_deficit_gdp","2022","-1.6","% GDP","official","Eurostat","https://ec.europa.eu/eurostat/api/dissemination/statistics/1.0/data/gov_10dd_edpt1?unit=PC_GDP&sector=S13&na_item=B9&geo=SK&time=2022","A","2026-04-22","true","false","false","false","true","true","true","true","",""
"v4_quality:slovakia:fiscal_deficit_gdp:2023","slovakia","fiscal_deficit_gdp","2023","-5.3","% GDP","official","Eurostat","https://ec.europa.eu/eurostat/api/dissemination/statistics/1.0/data/gov_10dd_edpt1?unit=PC_GDP&sector=S13&na_item=B9&geo=SK&time=2023","A","2026-04-22","true","false","false","false","true","true","true","true","",""
"v4_quality:slovakia:fiscal_deficit_gdp:2024","slovakia","fiscal_deficit_gdp","2024","-5.3","% GDP","official","Eurostat","https://ec.europa.eu/eurostat/api/dissemination/statistics/1.0/data/gov_10dd_edpt1?unit=PC_GDP&sector=S13&na_item=B9&geo=SK&time=2024","A","2026-04-22","true","false","false","false","true","true","true","true","",""
"v4_quality:slovakia:fiscal_deficit_gdp:2025","slovakia","fiscal_deficit_gdp","2025","-4.5","% GDP","official","Eurostat","https://ec.europa.eu/eurostat/api/dissemination/statistics/1.0/data/gov_10dd_edpt1?unit=PC_GDP&sector=S13&na_item=B9&geo=SK&time=2025","A","2026-04-22","true","false","false","false","true","true","true","true","",""
"v4_quality:slovakia:government_debt_gdp:2021","slovakia","government_debt_gdp","2021","60.2","% GDP","official","Eurostat","https://ec.europa.eu/eurostat/api/dissemination/statistics/1.0/data/gov_10dd_edpt1?unit=PC_GDP&sector=S13&na_item=GD&geo=SK&time=2021","A","2026-04-22","true","false","false","false","true","true","true","true","",""
"v4_quality:slovakia:government_debt_gdp:2022","slovakia","government_debt_gdp","2022","57.8","% GDP","official","Eurostat","https://ec.europa.eu/eurostat/api/dissemination/statistics/1.0/data/gov_10dd_edpt1?unit=PC_GDP&sector=S13&na_item=GD&geo=SK&time=2022","A","2026-04-22","true","false","false","false","true","true","true","true","",""
"v4_quality:slovakia:government_debt_gdp:2023","slovakia","government_debt_gdp","2023","55.8","% GDP","official","Eurostat","https://ec.europa.eu/eurostat/api/dissemination/statistics/1.0/data/gov_10dd_edpt1?unit=PC_GDP&sector=S13&na_item=GD&geo=SK&time=2023","A","2026-04-22","true","false","false","false","true","true","true","true","",""
"v4_quality:slovakia:government_debt_gdp:2024","slovakia","government_debt_gdp","2024","59.7","% GDP","official","Eurostat","https://ec.europa.eu/eurostat/api/dissemination/statistics/1.0/data/gov_10dd_edpt1?unit=PC_GDP&sector=S13&na_item=GD&geo=SK&time=2024","A","2026-04-22","true","false","false","false","true","true","true","true","",""
"v4_quality:slovakia:government_debt_gdp:2025","slovakia","government_debt_gdp","2025","61.4","% GDP","official","Eurostat","https://ec.europa.eu/eurostat/api/dissemination/statistics/1.0/data/gov_10dd_edpt1?unit=PC_GDP&sector=S13&na_item=GD&geo=SK&time=2025","A","2026-04-22","true","false","false","false","true","true","true","true","",""
"v4_quality:slovakia:government_revenue_gdp:2021","slovakia","government_revenue_gdp","2021","39.8","% GDP","official","Eurostat","https://ec.europa.eu/eurostat/api/dissemination/statistics/1.0/data/gov_10a_main?unit=PC_GDP&sector=S13&na_item=TR&geo=SK&time=2021","A","2026-04-22","true","false","false","false","true","true","true","true","",""
"v4_quality:slovakia:government_revenue_gdp:2022","slovakia","government_revenue_gdp","2022","41.5","% GDP","official","Eurostat","https://ec.europa.eu/eurostat/api/dissemination/statistics/1.0/data/gov_10a_main?unit=PC_GDP&sector=S13&na_item=TR&geo=SK&time=2022","A","2026-04-22","true","false","false","false","true","true","true","true","",""
"v4_quality:slovakia:government_revenue_gdp:2023","slovakia","government_revenue_gdp","2023","43.1","% GDP","official","Eurostat","https://ec.europa.eu/eurostat/api/dissemination/statistics/1.0/data/gov_10a_main?unit=PC_GDP&sector=S13&na_item=TR&geo=SK&time=2023","A","2026-04-22","true","false","false","false","true","true","true","true","",""
"v4_quality:slovakia:government_revenue_gdp:2024","slovakia","government_revenue_gdp","2024","42.1","% GDP","official","Eurostat","https://ec.europa.eu/eurostat/api/dissemination/statistics/1.0/data/gov_10a_main?unit=PC_GDP&sector=S13&na_item=TR&geo=SK&time=2024","A","2026-04-22","true","false","false","false","true","true","true","true","",""
"v4_quality:slovakia:government_revenue_gdp:2025","slovakia","government_revenue_gdp","2025","43.5","% GDP","official","Eurostat","https://ec.europa.eu/eurostat/api/dissemination/statistics/1.0/data/gov_10a_main?unit=PC_GDP&sector=S13&na_item=TR&geo=SK&time=2025","A","2026-04-22","true","false","false","false","true","true","true","true","",""
"v4_quality:slovakia:government_expenditure_gdp:2021","slovakia","government_expenditure_gdp","2021","44.8","% GDP","official","Eurostat","https://ec.europa.eu/eurostat/api/dissemination/statistics/1.0/data/gov_10a_main?unit=PC_GDP&sector=S13&na_item=TE&geo=SK&time=2021","A","2026-04-22","true","false","false","false","true","true","true","true","",""
"v4_quality:slovakia:government_expenditure_gdp:2022","slovakia","government_expenditure_gdp","2022","43.1","% GDP","official","Eurostat","https://ec.europa.eu/eurostat/api/dissemination/statistics/1.0/data/gov_10a_main?unit=PC_GDP&sector=S13&na_item=TE&geo=SK&time=2022","A","2026-04-22","true","false","false","false","true","true","true","true","",""
"v4_quality:slovakia:government_expenditure_gdp:2023","slovakia","government_expenditure_gdp","2023","48.4","% GDP","official","Eurostat","https://ec.europa.eu/eurostat/api/dissemination/statistics/1.0/data/gov_10a_main?unit=PC_GDP&sector=S13&na_item=TE&geo=SK&time=2023","A","2026-04-22","true","false","false","false","true","true","true","true","",""
"v4_quality:slovakia:government_expenditure_gdp:2024","slovakia","government_expenditure_gdp","2024","47.4","% GDP","official","Eurostat","https://ec.europa.eu/eurostat/api/dissemination/statistics/1.0/data/gov_10a_main?unit=PC_GDP&sector=S13&na_item=TE&geo=SK&time=2024","A","2026-04-22","true","false","false","false","true","true","true","true","",""
"v4_quality:slovakia:government_expenditure_gdp:2025","slovakia","government_expenditure_gdp","2025","47.9","% GDP","official","Eurostat","https://ec.europa.eu/eurostat/api/dissemination/statistics/1.0/data/gov_10a_main?unit=PC_GDP&sector=S13&na_item=TE&geo=SK&time=2025","A","2026-04-22","true","false","false","false","true","true","true","true","",""
"v4_quality:slovakia:exports_mio_eur:2021","slovakia","exports_mio_eur","2021","92478.7","百万欧元","official","Eurostat","https://ec.europa.eu/eurostat/api/dissemination/statistics/1.0/data/nama_10_gdp?unit=CP_MEUR&na_item=P6&geo=SK&time=2021","A","2026-07-02","true","false","false","false","true","true","true","true","",""
"v4_quality:slovakia:exports_mio_eur:2022","slovakia","exports_mio_eur","2022","108934.4","百万欧元","official","Eurostat","https://ec.europa.eu/eurostat/api/dissemination/statistics/1.0/data/nama_10_gdp?unit=CP_MEUR&na_item=P6&geo=SK&time=2022","A","2026-07-02","true","false","false","false","true","true","true","true","",""
"v4_quality:slovakia:exports_mio_eur:2023","slovakia","exports_mio_eur","2023","113029.9","百万欧元","official","Eurostat","https://ec.europa.eu/eurostat/api/dissemination/statistics/1.0/data/nama_10_gdp?unit=CP_MEUR&na_item=P6&geo=SK&time=2023","A","2026-07-02","true","false","false","false","true","true","true","true","",""
"v4_quality:slovakia:exports_mio_eur:2024","slovakia","exports_mio_eur","2024","111305.9","百万欧元","official","Eurostat","https://ec.europa.eu/eurostat/api/dissemination/statistics/1.0/data/nama_10_gdp?unit=CP_MEUR&na_item=P6&geo=SK&time=2024","A","2026-07-02","true","false","false","false","true","true","true","true","",""
"v4_quality:slovakia:exports_mio_eur:2025","slovakia","exports_mio_eur","2025","116370.6","百万欧元","official","Eurostat","https://ec.europa.eu/eurostat/api/dissemination/statistics/1.0/data/nama_10_gdp?unit=CP_MEUR&na_item=P6&geo=SK&time=2025","A","2026-07-02","true","false","false","false","true","true","true","true","",""
"v4_quality:slovakia:imports_mio_eur:2021","slovakia","imports_mio_eur","2021","92943.1","百万欧元","official","Eurostat","https://ec.europa.eu/eurostat/api/dissemination/statistics/1.0/data/nama_10_gdp?unit=CP_MEUR&na_item=P7&geo=SK&time=2021","A","2026-07-02","true","false","false","false","true","true","true","true","",""
"v4_quality:slovakia:imports_mio_eur:2022","slovakia","imports_mio_eur","2022","115445.5","百万欧元","official","Eurostat","https://ec.europa.eu/eurostat/api/dissemination/statistics/1.0/data/nama_10_gdp?unit=CP_MEUR&na_item=P7&geo=SK&time=2022","A","2026-07-02","true","false","false","false","true","true","true","true","",""
"v4_quality:slovakia:imports_mio_eur:2023","slovakia","imports_mio_eur","2023","111058","百万欧元","official","Eurostat","https://ec.europa.eu/eurostat/api/dissemination/statistics/1.0/data/nama_10_gdp?unit=CP_MEUR&na_item=P7&geo=SK&time=2023","A","2026-07-02","true","false","false","false","true","true","true","true","",""
"v4_quality:slovakia:imports_mio_eur:2024","slovakia","imports_mio_eur","2024","111626","百万欧元","official","Eurostat","https://ec.europa.eu/eurostat/api/dissemination/statistics/1.0/data/nama_10_gdp?unit=CP_MEUR&na_item=P7&geo=SK&time=2024","A","2026-07-02","true","false","false","false","true","true","true","true","",""
"v4_quality:slovakia:imports_mio_eur:2025","slovakia","imports_mio_eur","2025","116580.1","百万欧元","official","Eurostat","https://ec.europa.eu/eurostat/api/dissemination/statistics/1.0/data/nama_10_gdp?unit=CP_MEUR&na_item=P7&geo=SK&time=2025","A","2026-07-02","true","false","false","false","true","true","true","true","",""
"v4_quality:slovakia:trade_balance_mio_eur:2021","slovakia","trade_balance_mio_eur","2021","-464.4","百万欧元","official","Eurostat","https://ec.europa.eu/eurostat/api/dissemination/statistics/1.0/data/nama_10_gdp?unit=CP_MEUR&na_item=P6&geo=SK&time=2021","A","2026-07-02","true","false","true","false","true","true","true","true","","由 Eurostat P6 出口减 P7 进口计算。"
"v4_quality:slovakia:trade_balance_mio_eur:2022","slovakia","trade_balance_mio_eur","2022","-6511.1","百万欧元","official","Eurostat","https://ec.europa.eu/eurostat/api/dissemination/statistics/1.0/data/nama_10_gdp?unit=CP_MEUR&na_item=P6&geo=SK&time=2022","A","2026-07-02","true","false","true","false","true","true","true","true","","由 Eurostat P6 出口减 P7 进口计算。"
"v4_quality:slovakia:trade_balance_mio_eur:2023","slovakia","trade_balance_mio_eur","2023","1971.9","百万欧元","official","Eurostat","https://ec.europa.eu/eurostat/api/dissemination/statistics/1.0/data/nama_10_gdp?unit=CP_MEUR&na_item=P6&geo=SK&time=2023","A","2026-07-02","true","false","true","false","true","true","true","true","","由 Eurostat P6 出口减 P7 进口计算。"
"v4_quality:slovakia:trade_balance_mio_eur:2024","slovakia","trade_balance_mio_eur","2024","-320.1","百万欧元","official","Eurostat","https://ec.europa.eu/eurostat/api/dissemination/statistics/1.0/data/nama_10_gdp?unit=CP_MEUR&na_item=P6&geo=SK&time=2024","A","2026-07-02","true","false","true","false","true","true","true","true","","由 Eurostat P6 出口减 P7 进口计算。"
"v4_quality:slovakia:trade_balance_mio_eur:2025","slovakia","trade_balance_mio_eur","2025","-209.5","百万欧元","official","Eurostat","https://ec.europa.eu/eurostat/api/dissemination/statistics/1.0/data/nama_10_gdp?unit=CP_MEUR&na_item=P6&geo=SK&time=2025","A","2026-07-02","true","false","true","false","true","true","true","true","","由 Eurostat P6 出口减 P7 进口计算。"
"v4_quality:slovakia:current_account_gdp:2021","slovakia","current_account_gdp","2021","-4.8","% GDP","official","Eurostat","https://ec.europa.eu/eurostat/api/dissemination/statistics/1.0/data/tipsbp20?unit=PC_GDP&geo=SK&time=2021","A","2026-07-03","true","false","false","false","true","true","true","true","",""
"v4_quality:slovakia:current_account_gdp:2022","slovakia","current_account_gdp","2022","-9.6","% GDP","official","Eurostat","https://ec.europa.eu/eurostat/api/dissemination/statistics/1.0/data/tipsbp20?unit=PC_GDP&geo=SK&time=2022","A","2026-07-03","true","false","false","false","true","true","true","true","",""
"v4_quality:slovakia:current_account_gdp:2023","slovakia","current_account_gdp","2023","-3","% GDP","official","Eurostat","https://ec.europa.eu/eurostat/api/dissemination/statistics/1.0/data/tipsbp20?unit=PC_GDP&geo=SK&time=2023","A","2026-07-03","true","false","false","false","true","true","true","true","",""
"v4_quality:slovakia:current_account_gdp:2024","slovakia","current_account_gdp","2024","-4.6","% GDP","official","Eurostat","https://ec.europa.eu/eurostat/api/dissemination/statistics/1.0/data/tipsbp20?unit=PC_GDP&geo=SK&time=2024","A","2026-07-03","true","false","false","false","true","true","true","true","",""
"v4_quality:slovakia:current_account_gdp:2025","slovakia","current_account_gdp","2025","-3.6","% GDP","official","Eurostat","https://ec.europa.eu/eurostat/api/dissemination/statistics/1.0/data/tipsbp20?unit=PC_GDP&geo=SK&time=2025","A","2026-07-03","true","false","false","false","true","true","true","true","",""
"v4_quality:slovakia:fdi_mio_eur:2021","slovakia","fdi_mio_eur","2021","2327","百万欧元","official","Eurostat","https://ec.europa.eu/eurostat/api/dissemination/statistics/1.0/data/bop_fdi6_flow?freq=A&currency=MIO_EUR&nace_r2=FDI&stk_flow=LIAB&entity=TOTAL&fdi_item=DI__D__F&partner=WRL_REST&geo=SK&time=2021","A","2026-06-09","true","false","false","false","true","true","true","true","","Eurostat BPM6 口径：直接投资负债流入；负值表示净减少。"
"v4_quality:slovakia:fdi_mio_eur:2022","slovakia","fdi_mio_eur","2022","4647.3","百万欧元","official","Eurostat","https://ec.europa.eu/eurostat/api/dissemination/statistics/1.0/data/bop_fdi6_flow?freq=A&currency=MIO_EUR&nace_r2=FDI&stk_flow=LIAB&entity=TOTAL&fdi_item=DI__D__F&partner=WRL_REST&geo=SK&time=2022","A","2026-06-09","true","false","false","false","true","true","true","true","","Eurostat BPM6 口径：直接投资负债流入；负值表示净减少。"
"v4_quality:slovakia:fdi_mio_eur:2023","slovakia","fdi_mio_eur","2023","439.1","百万欧元","official","Eurostat","https://ec.europa.eu/eurostat/api/dissemination/statistics/1.0/data/bop_fdi6_flow?freq=A&currency=MIO_EUR&nace_r2=FDI&stk_flow=LIAB&entity=TOTAL&fdi_item=DI__D__F&partner=WRL_REST&geo=SK&time=2023","A","2026-06-09","true","false","false","false","true","true","true","true","","Eurostat BPM6 口径：直接投资负债流入；负值表示净减少。"
"v4_quality:slovakia:fdi_mio_eur:2024","slovakia","fdi_mio_eur","2024","4600.1","百万欧元","official","Eurostat","https://ec.europa.eu/eurostat/api/dissemination/statistics/1.0/data/bop_fdi6_flow?freq=A&currency=MIO_EUR&nace_r2=FDI&stk_flow=LIAB&entity=TOTAL&fdi_item=DI__D__F&partner=WRL_REST&geo=SK&time=2024","A","2026-06-09","true","false","false","false","true","true","true","true","","Eurostat BPM6 口径：Direct investment in the reporting economy (DIRE), liabilities flow；负值表示净减少。"
"v4_quality:slovakia:fdi_mio_eur:2025","slovakia","fdi_mio_eur","2025",,"百万欧元","pending","Eurostat","https://ec.europa.eu/eurostat/api/dissemination/statistics/1.0/data/bop_fdi6_flow?freq=A&currency=MIO_EUR&nace_r2=FDI&stk_flow=LIAB&entity=TOTAL&fdi_item=DI__D__F&partner=WRL_REST&geo=SK&time=2025","A","2026-06-09","false","true","false","false","false","false","false","false","数值待接入","导入时 Eurostat 序列暂未发布该年度数值，保留为待接入。"
"v4_quality:slovakia:energy_import_dependency:2021","slovakia","energy_import_dependency","2021","52.584","%","official","Eurostat","https://ec.europa.eu/eurostat/api/dissemination/statistics/1.0/data/nrg_ind_id?unit=PC&siec=TOTAL&geo=SK&time=2021","A","2026-04-21","true","false","false","false","true","true","true","true","",""
"v4_quality:slovakia:energy_import_dependency:2022","slovakia","energy_import_dependency","2022","69.595","%","official","Eurostat","https://ec.europa.eu/eurostat/api/dissemination/statistics/1.0/data/nrg_ind_id?unit=PC&siec=TOTAL&geo=SK&time=2022","A","2026-04-21","true","false","false","false","true","true","true","true","",""
"v4_quality:slovakia:energy_import_dependency:2023","slovakia","energy_import_dependency","2023","58.41","%","official","Eurostat","https://ec.europa.eu/eurostat/api/dissemination/statistics/1.0/data/nrg_ind_id?unit=PC&siec=TOTAL&geo=SK&time=2023","A","2026-04-21","true","false","false","false","true","true","true","true","",""
"v4_quality:slovakia:energy_import_dependency:2024","slovakia","energy_import_dependency","2024","53.501","%","official","Eurostat","https://ec.europa.eu/eurostat/api/dissemination/statistics/1.0/data/nrg_ind_id?unit=PC&siec=TOTAL&geo=SK&time=2024","A","2026-04-21","true","false","false","false","true","true","true","true","",""
"v4_quality:slovakia:energy_import_dependency:2025","slovakia","energy_import_dependency","2025",,"%","pending","Eurostat","https://ec.europa.eu/eurostat/api/dissemination/statistics/1.0/data/nrg_ind_id?unit=PC&siec=TOTAL&geo=SK&time=2025","A","2026-04-21","false","true","false","false","false","false","false","false","数值待接入","导入时 Eurostat 序列暂未发布该年度数值，保留为待接入。"
"v4_quality:slovakia:manufacturing_gva_gdp:2021","slovakia","manufacturing_gva_gdp","2021","16.6","% GDP","official","Eurostat","https://ec.europa.eu/eurostat/api/dissemination/statistics/1.0/data/nama_10_a10?unit=PC_GDP&na_item=B1G&nace_r2=C&geo=SK&time=2021","A","2026-07-02","true","false","false","false","true","true","true","true","",""
"v4_quality:slovakia:manufacturing_gva_gdp:2022","slovakia","manufacturing_gva_gdp","2022","17.4","% GDP","official","Eurostat","https://ec.europa.eu/eurostat/api/dissemination/statistics/1.0/data/nama_10_a10?unit=PC_GDP&na_item=B1G&nace_r2=C&geo=SK&time=2022","A","2026-07-02","true","false","false","false","true","true","true","true","",""
"v4_quality:slovakia:manufacturing_gva_gdp:2023","slovakia","manufacturing_gva_gdp","2023","16.8","% GDP","official","Eurostat","https://ec.europa.eu/eurostat/api/dissemination/statistics/1.0/data/nama_10_a10?unit=PC_GDP&na_item=B1G&nace_r2=C&geo=SK&time=2023","A","2026-07-02","true","false","false","false","true","true","true","true","",""
"v4_quality:slovakia:manufacturing_gva_gdp:2024","slovakia","manufacturing_gva_gdp","2024","16.3","% GDP","official","Eurostat","https://ec.europa.eu/eurostat/api/dissemination/statistics/1.0/data/nama_10_a10?unit=PC_GDP&na_item=B1G&nace_r2=C&geo=SK&time=2024","A","2026-07-02","true","false","false","false","true","true","true","true","",""
"v4_quality:slovakia:manufacturing_gva_gdp:2025","slovakia","manufacturing_gva_gdp","2025","16.2","% GDP","official","Eurostat","https://ec.europa.eu/eurostat/api/dissemination/statistics/1.0/data/nama_10_a10?unit=PC_GDP&na_item=B1G&nace_r2=C&geo=SK&time=2025","A","2026-07-02","true","false","false","false","true","true","true","true","",""
"v4_quality:slovakia:automotive_export_share:2021","slovakia","automotive_export_share","2021","31","%","official","Eurostat","https://ec.europa.eu/eurostat/api/dissemination/statistics/1.0/data/ext_tec09?freq=A&unit=THS_EUR&stk_flow=EXP&partner=WORLD&nace_r2=C29&nace_r2=TOTAL&geo=SK&time=2021","A","2026-07-03","true","false","true","false","true","true","true","true","","由 Eurostat ext_tec09 计算：NACE C29 机动车、挂车和半挂车制造业出口 / 全部 NACE 出口。"
"v4_quality:slovakia:automotive_export_share:2022","slovakia","automotive_export_share","2022","29.5","%","official","Eurostat","https://ec.europa.eu/eurostat/api/dissemination/statistics/1.0/data/ext_tec09?freq=A&unit=THS_EUR&stk_flow=EXP&partner=WORLD&nace_r2=C29&nace_r2=TOTAL&geo=SK&time=2022","A","2026-07-03","true","false","true","false","true","true","true","true","","由 Eurostat ext_tec09 计算：NACE C29 机动车、挂车和半挂车制造业出口 / 全部 NACE 出口。"
"v4_quality:slovakia:automotive_export_share:2023","slovakia","automotive_export_share","2023","33.9","%","official","Eurostat","https://ec.europa.eu/eurostat/api/dissemination/statistics/1.0/data/ext_tec09?freq=A&unit=THS_EUR&stk_flow=EXP&partner=WORLD&nace_r2=C29&nace_r2=TOTAL&geo=SK&time=2023","A","2026-07-03","true","false","true","false","true","true","true","true","","由 Eurostat ext_tec09 计算：NACE C29 机动车、挂车和半挂车制造业出口 / 全部 NACE 出口。"
"v4_quality:slovakia:automotive_export_share:2024","slovakia","automotive_export_share","2024","40.4","%","official","Eurostat","https://ec.europa.eu/eurostat/api/dissemination/statistics/1.0/data/ext_tec09?freq=A&unit=THS_EUR&stk_flow=EXP&partner=WORLD&nace_r2=C29&nace_r2=TOTAL&geo=SK&time=2024","A","2026-07-03","true","false","true","false","true","true","true","true","","由 Eurostat ext_tec09 计算：NACE C29 机动车、挂车和半挂车制造业出口 / 全部 NACE 出口。"
"v4_quality:slovakia:automotive_export_share:2025","slovakia","automotive_export_share","2025",,"%","pending","Eurostat","https://ec.europa.eu/eurostat/api/dissemination/statistics/1.0/data/ext_tec09?freq=A&unit=THS_EUR&stk_flow=EXP&partner=WORLD&nace_r2=C29&nace_r2=TOTAL&geo=SK&time=2025","A","2026-07-03","false","true","true","false","false","false","false","false","数值待接入","导入时 Eurostat ext_tec09 暂未发布该年度数值，保留为待接入。"
